"PSChildName","PSParentPath","PSPath"
"3 Doors Down - It's Not My Time","Microsoft.PowerShell.Core\FileSystem::G:\.CloneHero\Songs\Rock Band\RB2 DLC","Microsoft.PowerShell.Core\FileSystem::G:\.CloneHero\Songs\Rock Band\RB2 DLC\3 Doors Down - It's Not My Time"
"3 Doors Down - Kryptonite","Microsoft.PowerShell.Core\FileSystem::G:\.CloneHero\Songs\Rock Band\RB2 DLC","Microsoft.PowerShell.Core\FileSystem::G:\.CloneHero\Songs\Rock Band\RB2 DLC\3 Doors Down - Kryptonite"
"30 Seconds to Mars - Closer to the Edge","Microsoft.PowerShell.Core\FileSystem::G:\.CloneHero\Songs\Rock Band\RB2 DLC","Microsoft.PowerShell.Core\FileSystem::G:\.CloneHero\Songs\Rock Band\RB2 DLC\30 Seconds to Mars - Closer to the Edge"
"30 Seconds to Mars - Kings and Queens","Microsoft.PowerShell.Core\FileSystem::G:\.CloneHero\Songs\Rock Band\RB2 DLC","Microsoft.PowerShell.Core\FileSystem::G:\.CloneHero\Songs\Rock Band\RB2 DLC\30 Seconds to Mars - Kings and Queens"
"30 Seconds to Mars - This Is War","Microsoft.PowerShell.Core\FileSystem::G:\.CloneHero\Songs\Rock Band\RB2 DLC","Microsoft.PowerShell.Core\FileSystem::G:\.CloneHero\Songs\Rock Band\RB2 DLC\30 Seconds to Mars - This Is War"
"A Day to Remember - The Downfall of Us All (2x Bass Pedal Expert+)","Microsoft.PowerShell.Core\FileSystem::G:\.CloneHero\Songs\Rock Band\RB2 DLC","Microsoft.PowerShell.Core\FileSystem::G:\.CloneHero\Songs\Rock Band\RB2 DLC\A Day to Remember - The Downfall of Us All (2x Bass Pedal Expert+)"
"AFI - Beautiful Thieves","Microsoft.PowerShell.Core\FileSystem::G:\.CloneHero\Songs\Rock Band\RB2 DLC","Microsoft.PowerShell.Core\FileSystem::G:\.CloneHero\Songs\Rock Band\RB2 DLC\AFI - Beautiful Thieves"
"AFI - End Transmission","Microsoft.PowerShell.Core\FileSystem::G:\.CloneHero\Songs\Rock Band\RB2 DLC","Microsoft.PowerShell.Core\FileSystem::G:\.CloneHero\Songs\Rock Band\RB2 DLC\AFI - End Transmission"
"AFI - Love Like Winter","Microsoft.PowerShell.Core\FileSystem::G:\.CloneHero\Songs\Rock Band\RB2 DLC","Microsoft.PowerShell.Core\FileSystem::G:\.CloneHero\Songs\Rock Band\RB2 DLC\AFI - Love Like Winter"
"AFI - Medicate","Microsoft.PowerShell.Core\FileSystem::G:\.CloneHero\Songs\Rock Band\RB2 DLC","Microsoft.PowerShell.Core\FileSystem::G:\.CloneHero\Songs\Rock Band\RB2 DLC\AFI - Medicate"
"AFI - Miss Murder","Microsoft.PowerShell.Core\FileSystem::G:\.CloneHero\Songs\Rock Band\RB2 DLC","Microsoft.PowerShell.Core\FileSystem::G:\.CloneHero\Songs\Rock Band\RB2 DLC\AFI - Miss Murder"
"AFI - The Leaving Song, Pt. II","Microsoft.PowerShell.Core\FileSystem::G:\.CloneHero\Songs\Rock Band\RB2 DLC","Microsoft.PowerShell.Core\FileSystem::G:\.CloneHero\Songs\Rock Band\RB2 DLC\AFI - The Leaving Song, Pt. II"
"Alan Jackson - Good Time","Microsoft.PowerShell.Core\FileSystem::G:\.CloneHero\Songs\Rock Band\RB2 DLC","Microsoft.PowerShell.Core\FileSystem::G:\.CloneHero\Songs\Rock Band\RB2 DLC\Alan Jackson - Good Time"
"Alanis Morissette - Head Over Feet","Microsoft.PowerShell.Core\FileSystem::G:\.CloneHero\Songs\Rock Band\RB2 DLC","Microsoft.PowerShell.Core\FileSystem::G:\.CloneHero\Songs\Rock Band\RB2 DLC\Alanis Morissette - Head Over Feet"
"Alanis Morissette - Ironic","Microsoft.PowerShell.Core\FileSystem::G:\.CloneHero\Songs\Rock Band\RB2 DLC","Microsoft.PowerShell.Core\FileSystem::G:\.CloneHero\Songs\Rock Band\RB2 DLC\Alanis Morissette - Ironic"
"Alice Cooper - Billion Dollar Babies (Live)","Microsoft.PowerShell.Core\FileSystem::G:\.CloneHero\Songs\Rock Band\RB2 DLC","Microsoft.PowerShell.Core\FileSystem::G:\.CloneHero\Songs\Rock Band\RB2 DLC\Alice Cooper - Billion Dollar Babies (Live)"
"Alice Cooper - I'm Eighteen (Live)","Microsoft.PowerShell.Core\FileSystem::G:\.CloneHero\Songs\Rock Band\RB2 DLC","Microsoft.PowerShell.Core\FileSystem::G:\.CloneHero\Songs\Rock Band\RB2 DLC\Alice Cooper - I'm Eighteen (Live)"
"Alice Cooper - Poison","Microsoft.PowerShell.Core\FileSystem::G:\.CloneHero\Songs\Rock Band\RB2 DLC","Microsoft.PowerShell.Core\FileSystem::G:\.CloneHero\Songs\Rock Band\RB2 DLC\Alice Cooper - Poison"
"Alice Cooper - Schools Out (Live)","Microsoft.PowerShell.Core\FileSystem::G:\.CloneHero\Songs\Rock Band\RB2 DLC","Microsoft.PowerShell.Core\FileSystem::G:\.CloneHero\Songs\Rock Band\RB2 DLC\Alice Cooper - Schools Out (Live)"
"Alice Cooper - Under My Wheels (Live)","Microsoft.PowerShell.Core\FileSystem::G:\.CloneHero\Songs\Rock Band\RB2 DLC","Microsoft.PowerShell.Core\FileSystem::G:\.CloneHero\Songs\Rock Band\RB2 DLC\Alice Cooper - Under My Wheels (Live)"
"Alice Cooper - Vengeance is Mine","Microsoft.PowerShell.Core\FileSystem::G:\.CloneHero\Songs\Rock Band\RB2 DLC","Microsoft.PowerShell.Core\FileSystem::G:\.CloneHero\Songs\Rock Band\RB2 DLC\Alice Cooper - Vengeance is Mine"
"Alice In Chains - A Looking in View","Microsoft.PowerShell.Core\FileSystem::G:\.CloneHero\Songs\Rock Band\RB2 DLC","Microsoft.PowerShell.Core\FileSystem::G:\.CloneHero\Songs\Rock Band\RB2 DLC\Alice In Chains - A Looking in View"
"Alice In Chains - Check My Brain","Microsoft.PowerShell.Core\FileSystem::G:\.CloneHero\Songs\Rock Band\RB2 DLC","Microsoft.PowerShell.Core\FileSystem::G:\.CloneHero\Songs\Rock Band\RB2 DLC\Alice In Chains - Check My Brain"
"Alice In Chains - Grind","Microsoft.PowerShell.Core\FileSystem::G:\.CloneHero\Songs\Rock Band\RB2 DLC","Microsoft.PowerShell.Core\FileSystem::G:\.CloneHero\Songs\Rock Band\RB2 DLC\Alice In Chains - Grind"
"Alice In Chains - Heaven Beside You","Microsoft.PowerShell.Core\FileSystem::G:\.CloneHero\Songs\Rock Band\RB2 DLC","Microsoft.PowerShell.Core\FileSystem::G:\.CloneHero\Songs\Rock Band\RB2 DLC\Alice In Chains - Heaven Beside You"
"Alice In Chains - Last of My Kind","Microsoft.PowerShell.Core\FileSystem::G:\.CloneHero\Songs\Rock Band\RB2 DLC","Microsoft.PowerShell.Core\FileSystem::G:\.CloneHero\Songs\Rock Band\RB2 DLC\Alice In Chains - Last of My Kind"
"Alice In Chains - No Excuses","Microsoft.PowerShell.Core\FileSystem::G:\.CloneHero\Songs\Rock Band\RB2 DLC","Microsoft.PowerShell.Core\FileSystem::G:\.CloneHero\Songs\Rock Band\RB2 DLC\Alice In Chains - No Excuses"
"Alice In Chains - Rooster","Microsoft.PowerShell.Core\FileSystem::G:\.CloneHero\Songs\Rock Band\RB2 DLC","Microsoft.PowerShell.Core\FileSystem::G:\.CloneHero\Songs\Rock Band\RB2 DLC\Alice In Chains - Rooster"
"Alice In Chains - We Die Young","Microsoft.PowerShell.Core\FileSystem::G:\.CloneHero\Songs\Rock Band\RB2 DLC","Microsoft.PowerShell.Core\FileSystem::G:\.CloneHero\Songs\Rock Band\RB2 DLC\Alice In Chains - We Die Young"
"Alice In Chains - Would","Microsoft.PowerShell.Core\FileSystem::G:\.CloneHero\Songs\Rock Band\RB2 DLC","Microsoft.PowerShell.Core\FileSystem::G:\.CloneHero\Songs\Rock Band\RB2 DLC\Alice In Chains - Would"
"Alice In Chains - Your Decision","Microsoft.PowerShell.Core\FileSystem::G:\.CloneHero\Songs\Rock Band\RB2 DLC","Microsoft.PowerShell.Core\FileSystem::G:\.CloneHero\Songs\Rock Band\RB2 DLC\Alice In Chains - Your Decision"
"Alien Ant Farm - Smooth Criminal","Microsoft.PowerShell.Core\FileSystem::G:\.CloneHero\Songs\Rock Band\RB2 DLC","Microsoft.PowerShell.Core\FileSystem::G:\.CloneHero\Songs\Rock Band\RB2 DLC\Alien Ant Farm - Smooth Criminal"
"All Time Low - Weightless","Microsoft.PowerShell.Core\FileSystem::G:\.CloneHero\Songs\Rock Band\RB2 DLC","Microsoft.PowerShell.Core\FileSystem::G:\.CloneHero\Songs\Rock Band\RB2 DLC\All Time Low - Weightless"
"All-American Rejects - Gives You Hell","Microsoft.PowerShell.Core\FileSystem::G:\.CloneHero\Songs\Rock Band\RB2 DLC","Microsoft.PowerShell.Core\FileSystem::G:\.CloneHero\Songs\Rock Band\RB2 DLC\All-American Rejects - Gives You Hell"
"All-American Rejects - Real World","Microsoft.PowerShell.Core\FileSystem::G:\.CloneHero\Songs\Rock Band\RB2 DLC","Microsoft.PowerShell.Core\FileSystem::G:\.CloneHero\Songs\Rock Band\RB2 DLC\All-American Rejects - Real World"
"Anthrax - Among The Living","Microsoft.PowerShell.Core\FileSystem::G:\.CloneHero\Songs\Rock Band\RB2 DLC","Microsoft.PowerShell.Core\FileSystem::G:\.CloneHero\Songs\Rock Band\RB2 DLC\Anthrax - Among The Living"
"Anthrax - Im The Man","Microsoft.PowerShell.Core\FileSystem::G:\.CloneHero\Songs\Rock Band\RB2 DLC","Microsoft.PowerShell.Core\FileSystem::G:\.CloneHero\Songs\Rock Band\RB2 DLC\Anthrax - Im The Man"
"Anthrax - Indians","Microsoft.PowerShell.Core\FileSystem::G:\.CloneHero\Songs\Rock Band\RB2 DLC","Microsoft.PowerShell.Core\FileSystem::G:\.CloneHero\Songs\Rock Band\RB2 DLC\Anthrax - Indians"
"Anthrax - Madhouse","Microsoft.PowerShell.Core\FileSystem::G:\.CloneHero\Songs\Rock Band\RB2 DLC","Microsoft.PowerShell.Core\FileSystem::G:\.CloneHero\Songs\Rock Band\RB2 DLC\Anthrax - Madhouse"
"Anthrax - Metal Thrashing Mad","Microsoft.PowerShell.Core\FileSystem::G:\.CloneHero\Songs\Rock Band\RB2 DLC","Microsoft.PowerShell.Core\FileSystem::G:\.CloneHero\Songs\Rock Band\RB2 DLC\Anthrax - Metal Thrashing Mad"
"Anvil - 666","Microsoft.PowerShell.Core\FileSystem::G:\.CloneHero\Songs\Rock Band\RB2 DLC","Microsoft.PowerShell.Core\FileSystem::G:\.CloneHero\Songs\Rock Band\RB2 DLC\Anvil - 666"
"Anvil - Metal on Metal","Microsoft.PowerShell.Core\FileSystem::G:\.CloneHero\Songs\Rock Band\RB2 DLC","Microsoft.PowerShell.Core\FileSystem::G:\.CloneHero\Songs\Rock Band\RB2 DLC\Anvil - Metal on Metal"
"Anvil - This Is Thirteen","Microsoft.PowerShell.Core\FileSystem::G:\.CloneHero\Songs\Rock Band\RB2 DLC","Microsoft.PowerShell.Core\FileSystem::G:\.CloneHero\Songs\Rock Band\RB2 DLC\Anvil - This Is Thirteen"
"Atreyu - Coffin Nails","Microsoft.PowerShell.Core\FileSystem::G:\.CloneHero\Songs\Rock Band\RB2 DLC","Microsoft.PowerShell.Core\FileSystem::G:\.CloneHero\Songs\Rock Band\RB2 DLC\Atreyu - Coffin Nails"
"Audioslave - Gasoline","Microsoft.PowerShell.Core\FileSystem::G:\.CloneHero\Songs\Rock Band\RB2 DLC","Microsoft.PowerShell.Core\FileSystem::G:\.CloneHero\Songs\Rock Band\RB2 DLC\Audioslave - Gasoline"
"Avenged Sevenfold - Bat Country (2x Bass Pedal Expert+)","Microsoft.PowerShell.Core\FileSystem::G:\.CloneHero\Songs\Rock Band\RB2 DLC","Microsoft.PowerShell.Core\FileSystem::G:\.CloneHero\Songs\Rock Band\RB2 DLC\Avenged Sevenfold - Bat Country (2x Bass Pedal Expert+)"
"Avenged Sevenfold - Nightmare (2x Bass Pedal Expert+)","Microsoft.PowerShell.Core\FileSystem::G:\.CloneHero\Songs\Rock Band\RB2 DLC","Microsoft.PowerShell.Core\FileSystem::G:\.CloneHero\Songs\Rock Band\RB2 DLC\Avenged Sevenfold - Nightmare (2x Bass Pedal Expert+)"
"Avenged Sevenfold - Scream (2x Bass Pedal Expert+)","Microsoft.PowerShell.Core\FileSystem::G:\.CloneHero\Songs\Rock Band\RB2 DLC","Microsoft.PowerShell.Core\FileSystem::G:\.CloneHero\Songs\Rock Band\RB2 DLC\Avenged Sevenfold - Scream (2x Bass Pedal Expert+)"
"Avenged Sevenfold - Seize the Day","Microsoft.PowerShell.Core\FileSystem::G:\.CloneHero\Songs\Rock Band\RB2 DLC","Microsoft.PowerShell.Core\FileSystem::G:\.CloneHero\Songs\Rock Band\RB2 DLC\Avenged Sevenfold - Seize the Day"
"Bad Religion - 21st Century (Digital Boy)","Microsoft.PowerShell.Core\FileSystem::G:\.CloneHero\Songs\Rock Band\RB2 DLC","Microsoft.PowerShell.Core\FileSystem::G:\.CloneHero\Songs\Rock Band\RB2 DLC\Bad Religion - 21st Century (Digital Boy)"
"Bad Religion - New Dark Ages","Microsoft.PowerShell.Core\FileSystem::G:\.CloneHero\Songs\Rock Band\RB2 DLC","Microsoft.PowerShell.Core\FileSystem::G:\.CloneHero\Songs\Rock Band\RB2 DLC\Bad Religion - New Dark Ages"
"Bad Religion - No Control","Microsoft.PowerShell.Core\FileSystem::G:\.CloneHero\Songs\Rock Band\RB2 DLC","Microsoft.PowerShell.Core\FileSystem::G:\.CloneHero\Songs\Rock Band\RB2 DLC\Bad Religion - No Control"
"Bad Religion - Sorrow","Microsoft.PowerShell.Core\FileSystem::G:\.CloneHero\Songs\Rock Band\RB2 DLC","Microsoft.PowerShell.Core\FileSystem::G:\.CloneHero\Songs\Rock Band\RB2 DLC\Bad Religion - Sorrow"
"Barenaked Ladies - Hanukkah Blessings","Microsoft.PowerShell.Core\FileSystem::G:\.CloneHero\Songs\Rock Band\RB2 DLC","Microsoft.PowerShell.Core\FileSystem::G:\.CloneHero\Songs\Rock Band\RB2 DLC\Barenaked Ladies - Hanukkah Blessings"
"Behemoth - Conquer All (2x Bass Pedal Expert+)","Microsoft.PowerShell.Core\FileSystem::G:\.CloneHero\Songs\Rock Band\RB2 DLC","Microsoft.PowerShell.Core\FileSystem::G:\.CloneHero\Songs\Rock Band\RB2 DLC\Behemoth - Conquer All (2x Bass Pedal Expert+)"
"Black Tide - Show Me the Way","Microsoft.PowerShell.Core\FileSystem::G:\.CloneHero\Songs\Rock Band\RB2 DLC","Microsoft.PowerShell.Core\FileSystem::G:\.CloneHero\Songs\Rock Band\RB2 DLC\Black Tide - Show Me the Way"
"Black Tide - Warriors of Time (2x Bass Pedal Expert+)","Microsoft.PowerShell.Core\FileSystem::G:\.CloneHero\Songs\Rock Band\RB2 DLC","Microsoft.PowerShell.Core\FileSystem::G:\.CloneHero\Songs\Rock Band\RB2 DLC\Black Tide - Warriors of Time (2x Bass Pedal Expert+)"
"Blind Melon - No Rain","Microsoft.PowerShell.Core\FileSystem::G:\.CloneHero\Songs\Rock Band\RB2 DLC","Microsoft.PowerShell.Core\FileSystem::G:\.CloneHero\Songs\Rock Band\RB2 DLC\Blind Melon - No Rain"
"Blink-182 - Adam's Song","Microsoft.PowerShell.Core\FileSystem::G:\.CloneHero\Songs\Rock Band\RB2 DLC","Microsoft.PowerShell.Core\FileSystem::G:\.CloneHero\Songs\Rock Band\RB2 DLC\Blink-182 - Adam's Song"
"Blink-182 - Dammit","Microsoft.PowerShell.Core\FileSystem::G:\.CloneHero\Songs\Rock Band\RB2 DLC","Microsoft.PowerShell.Core\FileSystem::G:\.CloneHero\Songs\Rock Band\RB2 DLC\Blink-182 - Dammit"
"Blink-182 - Down","Microsoft.PowerShell.Core\FileSystem::G:\.CloneHero\Songs\Rock Band\RB2 DLC","Microsoft.PowerShell.Core\FileSystem::G:\.CloneHero\Songs\Rock Band\RB2 DLC\Blink-182 - Down"
"Blink-182 - Feeling This","Microsoft.PowerShell.Core\FileSystem::G:\.CloneHero\Songs\Rock Band\RB2 DLC","Microsoft.PowerShell.Core\FileSystem::G:\.CloneHero\Songs\Rock Band\RB2 DLC\Blink-182 - Feeling This"
"Blink-182 - First Date","Microsoft.PowerShell.Core\FileSystem::G:\.CloneHero\Songs\Rock Band\RB2 DLC","Microsoft.PowerShell.Core\FileSystem::G:\.CloneHero\Songs\Rock Band\RB2 DLC\Blink-182 - First Date"
"Blink-182 - I Miss You","Microsoft.PowerShell.Core\FileSystem::G:\.CloneHero\Songs\Rock Band\RB2 DLC","Microsoft.PowerShell.Core\FileSystem::G:\.CloneHero\Songs\Rock Band\RB2 DLC\Blink-182 - I Miss You"
"Blink-182 - The Rock Show","Microsoft.PowerShell.Core\FileSystem::G:\.CloneHero\Songs\Rock Band\RB2 DLC","Microsoft.PowerShell.Core\FileSystem::G:\.CloneHero\Songs\Rock Band\RB2 DLC\Blink-182 - The Rock Show"
"Blink-182 - What's My Age Again","Microsoft.PowerShell.Core\FileSystem::G:\.CloneHero\Songs\Rock Band\RB2 DLC","Microsoft.PowerShell.Core\FileSystem::G:\.CloneHero\Songs\Rock Band\RB2 DLC\Blink-182 - What's My Age Again"
"Blondie - Rapture","Microsoft.PowerShell.Core\FileSystem::G:\.CloneHero\Songs\Rock Band\RB2 DLC","Microsoft.PowerShell.Core\FileSystem::G:\.CloneHero\Songs\Rock Band\RB2 DLC\Blondie - Rapture"
"Blue Öyster Cult - Godzilla","Microsoft.PowerShell.Core\FileSystem::G:\.CloneHero\Songs\Rock Band\RB2 DLC","Microsoft.PowerShell.Core\FileSystem::G:\.CloneHero\Songs\Rock Band\RB2 DLC\Blue Öyster Cult - Godzilla"
"Blue Öyster Cult - Transmaniacon MC","Microsoft.PowerShell.Core\FileSystem::G:\.CloneHero\Songs\Rock Band\RB2 DLC","Microsoft.PowerShell.Core\FileSystem::G:\.CloneHero\Songs\Rock Band\RB2 DLC\Blue Öyster Cult - Transmaniacon MC"
"Brad Paisley - Mud on the Tires","Microsoft.PowerShell.Core\FileSystem::G:\.CloneHero\Songs\Rock Band\RB2 DLC","Microsoft.PowerShell.Core\FileSystem::G:\.CloneHero\Songs\Rock Band\RB2 DLC\Brad Paisley - Mud on the Tires"
"Breaking Benjamin - Diary of Jane","Microsoft.PowerShell.Core\FileSystem::G:\.CloneHero\Songs\Rock Band\RB2 DLC","Microsoft.PowerShell.Core\FileSystem::G:\.CloneHero\Songs\Rock Band\RB2 DLC\Breaking Benjamin - Diary of Jane"
"Breaking Benjamin - I Will Not Bow","Microsoft.PowerShell.Core\FileSystem::G:\.CloneHero\Songs\Rock Band\RB2 DLC","Microsoft.PowerShell.Core\FileSystem::G:\.CloneHero\Songs\Rock Band\RB2 DLC\Breaking Benjamin - I Will Not Bow"
"Breaking Benjamin - So Cold","Microsoft.PowerShell.Core\FileSystem::G:\.CloneHero\Songs\Rock Band\RB2 DLC","Microsoft.PowerShell.Core\FileSystem::G:\.CloneHero\Songs\Rock Band\RB2 DLC\Breaking Benjamin - So Cold"
"Brooks & Dunn - Hillbilly Deluxe","Microsoft.PowerShell.Core\FileSystem::G:\.CloneHero\Songs\Rock Band\RB2 DLC","Microsoft.PowerShell.Core\FileSystem::G:\.CloneHero\Songs\Rock Band\RB2 DLC\Brooks & Dunn - Hillbilly Deluxe"
"Buckcherry - Out of Line","Microsoft.PowerShell.Core\FileSystem::G:\.CloneHero\Songs\Rock Band\RB2 DLC","Microsoft.PowerShell.Core\FileSystem::G:\.CloneHero\Songs\Rock Band\RB2 DLC\Buckcherry - Out of Line"
"Bullet For My Valentine - Waking the Demon (2x Bass Pedal Expert+)","Microsoft.PowerShell.Core\FileSystem::G:\.CloneHero\Songs\Rock Band\RB2 DLC","Microsoft.PowerShell.Core\FileSystem::G:\.CloneHero\Songs\Rock Band\RB2 DLC\Bullet For My Valentine - Waking the Demon (2x Bass Pedal Expert+)"
"Cannibal Corpse - Hammer Smashed Face (2x Bass Pedal Expert+)","Microsoft.PowerShell.Core\FileSystem::G:\.CloneHero\Songs\Rock Band\RB2 DLC","Microsoft.PowerShell.Core\FileSystem::G:\.CloneHero\Songs\Rock Band\RB2 DLC\Cannibal Corpse - Hammer Smashed Face (2x Bass Pedal Expert+)"
"Children of Bodom - Are You Dead Yet","Microsoft.PowerShell.Core\FileSystem::G:\.CloneHero\Songs\Rock Band\RB2 DLC","Microsoft.PowerShell.Core\FileSystem::G:\.CloneHero\Songs\Rock Band\RB2 DLC\Children of Bodom - Are You Dead Yet"
"Coheed and Cambria - A Favor House Atlantic","Microsoft.PowerShell.Core\FileSystem::G:\.CloneHero\Songs\Rock Band\RB2 DLC","Microsoft.PowerShell.Core\FileSystem::G:\.CloneHero\Songs\Rock Band\RB2 DLC\Coheed and Cambria - A Favor House Atlantic"
"Coheed and Cambria - Guns of Summer","Microsoft.PowerShell.Core\FileSystem::G:\.CloneHero\Songs\Rock Band\RB2 DLC","Microsoft.PowerShell.Core\FileSystem::G:\.CloneHero\Songs\Rock Band\RB2 DLC\Coheed and Cambria - Guns of Summer"
"Coheed and Cambria - Here We Are Juggernaut","Microsoft.PowerShell.Core\FileSystem::G:\.CloneHero\Songs\Rock Band\RB2 DLC","Microsoft.PowerShell.Core\FileSystem::G:\.CloneHero\Songs\Rock Band\RB2 DLC\Coheed and Cambria - Here We Are Juggernaut"
"Coheed and Cambria - The Broken","Microsoft.PowerShell.Core\FileSystem::G:\.CloneHero\Songs\Rock Band\RB2 DLC","Microsoft.PowerShell.Core\FileSystem::G:\.CloneHero\Songs\Rock Band\RB2 DLC\Coheed and Cambria - The Broken"
"Coheed and Cambria - The Running Free","Microsoft.PowerShell.Core\FileSystem::G:\.CloneHero\Songs\Rock Band\RB2 DLC","Microsoft.PowerShell.Core\FileSystem::G:\.CloneHero\Songs\Rock Band\RB2 DLC\Coheed and Cambria - The Running Free"
"Creedence Clearwater Revival - Bad Moon Rising","Microsoft.PowerShell.Core\FileSystem::G:\.CloneHero\Songs\Rock Band\RB2 DLC","Microsoft.PowerShell.Core\FileSystem::G:\.CloneHero\Songs\Rock Band\RB2 DLC\Creedence Clearwater Revival - Bad Moon Rising"
"Creedence Clearwater Revival - Born On The Bayou","Microsoft.PowerShell.Core\FileSystem::G:\.CloneHero\Songs\Rock Band\RB2 DLC","Microsoft.PowerShell.Core\FileSystem::G:\.CloneHero\Songs\Rock Band\RB2 DLC\Creedence Clearwater Revival - Born On The Bayou"
"Creedence Clearwater Revival - Down on the Corner","Microsoft.PowerShell.Core\FileSystem::G:\.CloneHero\Songs\Rock Band\RB2 DLC","Microsoft.PowerShell.Core\FileSystem::G:\.CloneHero\Songs\Rock Band\RB2 DLC\Creedence Clearwater Revival - Down on the Corner"
"Creedence Clearwater Revival - Fortunate Son (Original Version)","Microsoft.PowerShell.Core\FileSystem::G:\.CloneHero\Songs\Rock Band\RB2 DLC","Microsoft.PowerShell.Core\FileSystem::G:\.CloneHero\Songs\Rock Band\RB2 DLC\Creedence Clearwater Revival - Fortunate Son (Original Version)"
"Creedence Clearwater Revival - Green River","Microsoft.PowerShell.Core\FileSystem::G:\.CloneHero\Songs\Rock Band\RB2 DLC","Microsoft.PowerShell.Core\FileSystem::G:\.CloneHero\Songs\Rock Band\RB2 DLC\Creedence Clearwater Revival - Green River"
"Creedence Clearwater Revival - I Heard It Through the Grapevine","Microsoft.PowerShell.Core\FileSystem::G:\.CloneHero\Songs\Rock Band\RB2 DLC","Microsoft.PowerShell.Core\FileSystem::G:\.CloneHero\Songs\Rock Band\RB2 DLC\Creedence Clearwater Revival - I Heard It Through the Grapevine"
"Creedence Clearwater Revival - Lookin' Out My Back Door","Microsoft.PowerShell.Core\FileSystem::G:\.CloneHero\Songs\Rock Band\RB2 DLC","Microsoft.PowerShell.Core\FileSystem::G:\.CloneHero\Songs\Rock Band\RB2 DLC\Creedence Clearwater Revival - Lookin' Out My Back Door"
"Creedence Clearwater Revival - Proud Mary","Microsoft.PowerShell.Core\FileSystem::G:\.CloneHero\Songs\Rock Band\RB2 DLC","Microsoft.PowerShell.Core\FileSystem::G:\.CloneHero\Songs\Rock Band\RB2 DLC\Creedence Clearwater Revival - Proud Mary"
"Creedence Clearwater Revival - Run Through the Jungle","Microsoft.PowerShell.Core\FileSystem::G:\.CloneHero\Songs\Rock Band\RB2 DLC","Microsoft.PowerShell.Core\FileSystem::G:\.CloneHero\Songs\Rock Band\RB2 DLC\Creedence Clearwater Revival - Run Through the Jungle"
"Creedence Clearwater Revival - Travelin' Band","Microsoft.PowerShell.Core\FileSystem::G:\.CloneHero\Songs\Rock Band\RB2 DLC","Microsoft.PowerShell.Core\FileSystem::G:\.CloneHero\Songs\Rock Band\RB2 DLC\Creedence Clearwater Revival - Travelin' Band"
"Creedence Clearwater Revival - Up Around the Bend","Microsoft.PowerShell.Core\FileSystem::G:\.CloneHero\Songs\Rock Band\RB2 DLC","Microsoft.PowerShell.Core\FileSystem::G:\.CloneHero\Songs\Rock Band\RB2 DLC\Creedence Clearwater Revival - Up Around the Bend"
"Creedence Clearwater Revival - Who'll Stop the Rain","Microsoft.PowerShell.Core\FileSystem::G:\.CloneHero\Songs\Rock Band\RB2 DLC","Microsoft.PowerShell.Core\FileSystem::G:\.CloneHero\Songs\Rock Band\RB2 DLC\Creedence Clearwater Revival - Who'll Stop the Rain"
"Crooked X - Gone","Microsoft.PowerShell.Core\FileSystem::G:\.CloneHero\Songs\Rock Band\RB2 DLC","Microsoft.PowerShell.Core\FileSystem::G:\.CloneHero\Songs\Rock Band\RB2 DLC\Crooked X - Gone"
"Dashboard Confessional - Hands Down","Microsoft.PowerShell.Core\FileSystem::G:\.CloneHero\Songs\Rock Band\RB2 DLC","Microsoft.PowerShell.Core\FileSystem::G:\.CloneHero\Songs\Rock Band\RB2 DLC\Dashboard Confessional - Hands Down"
"Deep Purple - Space Truckin'","Microsoft.PowerShell.Core\FileSystem::G:\.CloneHero\Songs\Rock Band\RB2 DLC","Microsoft.PowerShell.Core\FileSystem::G:\.CloneHero\Songs\Rock Band\RB2 DLC\Deep Purple - Space Truckin'"
"Deftones - Cherry Waves","Microsoft.PowerShell.Core\FileSystem::G:\.CloneHero\Songs\Rock Band\RB2 DLC","Microsoft.PowerShell.Core\FileSystem::G:\.CloneHero\Songs\Rock Band\RB2 DLC\Deftones - Cherry Waves"
"Deftones - Hole in the Earth","Microsoft.PowerShell.Core\FileSystem::G:\.CloneHero\Songs\Rock Band\RB2 DLC","Microsoft.PowerShell.Core\FileSystem::G:\.CloneHero\Songs\Rock Band\RB2 DLC\Deftones - Hole in the Earth"
"Deftones - Minerva","Microsoft.PowerShell.Core\FileSystem::G:\.CloneHero\Songs\Rock Band\RB2 DLC","Microsoft.PowerShell.Core\FileSystem::G:\.CloneHero\Songs\Rock Band\RB2 DLC\Deftones - Minerva"
"Dierks Bentley - Free and Easy (Down the Road I Go)","Microsoft.PowerShell.Core\FileSystem::G:\.CloneHero\Songs\Rock Band\RB2 DLC","Microsoft.PowerShell.Core\FileSystem::G:\.CloneHero\Songs\Rock Band\RB2 DLC\Dierks Bentley - Free and Easy (Down the Road I Go)"
"Dierks Bentley - What Was I Thinkin'","Microsoft.PowerShell.Core\FileSystem::G:\.CloneHero\Songs\Rock Band\RB2 DLC","Microsoft.PowerShell.Core\FileSystem::G:\.CloneHero\Songs\Rock Band\RB2 DLC\Dierks Bentley - What Was I Thinkin'"
"Dio - Holy Diver","Microsoft.PowerShell.Core\FileSystem::G:\.CloneHero\Songs\Rock Band\RB2 DLC","Microsoft.PowerShell.Core\FileSystem::G:\.CloneHero\Songs\Rock Band\RB2 DLC\Dio - Holy Diver"
"Dio - Stand Up And Shout","Microsoft.PowerShell.Core\FileSystem::G:\.CloneHero\Songs\Rock Band\RB2 DLC","Microsoft.PowerShell.Core\FileSystem::G:\.CloneHero\Songs\Rock Band\RB2 DLC\Dio - Stand Up And Shout"
"Disturbed - Another Way to Die","Microsoft.PowerShell.Core\FileSystem::G:\.CloneHero\Songs\Rock Band\RB2 DLC","Microsoft.PowerShell.Core\FileSystem::G:\.CloneHero\Songs\Rock Band\RB2 DLC\Disturbed - Another Way to Die"
"Disturbed - Asylum (2x Bass Pedal Expert+)","Microsoft.PowerShell.Core\FileSystem::G:\.CloneHero\Songs\Rock Band\RB2 DLC","Microsoft.PowerShell.Core\FileSystem::G:\.CloneHero\Songs\Rock Band\RB2 DLC\Disturbed - Asylum (2x Bass Pedal Expert+)"
"Disturbed - Meaning of Life (2x Bass Pedal Expert+)","Microsoft.PowerShell.Core\FileSystem::G:\.CloneHero\Songs\Rock Band\RB2 DLC","Microsoft.PowerShell.Core\FileSystem::G:\.CloneHero\Songs\Rock Band\RB2 DLC\Disturbed - Meaning of Life (2x Bass Pedal Expert+)"
"Disturbed - Stricken (2x Bass Pedal Expert+)","Microsoft.PowerShell.Core\FileSystem::G:\.CloneHero\Songs\Rock Band\RB2 DLC","Microsoft.PowerShell.Core\FileSystem::G:\.CloneHero\Songs\Rock Band\RB2 DLC\Disturbed - Stricken (2x Bass Pedal Expert+)"
"Disturbed - Stupify (2x Bass Pedal Expert+)","Microsoft.PowerShell.Core\FileSystem::G:\.CloneHero\Songs\Rock Band\RB2 DLC","Microsoft.PowerShell.Core\FileSystem::G:\.CloneHero\Songs\Rock Band\RB2 DLC\Disturbed - Stupify (2x Bass Pedal Expert+)"
"Disturbed - The Animal","Microsoft.PowerShell.Core\FileSystem::G:\.CloneHero\Songs\Rock Band\RB2 DLC","Microsoft.PowerShell.Core\FileSystem::G:\.CloneHero\Songs\Rock Band\RB2 DLC\Disturbed - The Animal"
"Disturbed - The Game (2x Bass Pedal Expert+)","Microsoft.PowerShell.Core\FileSystem::G:\.CloneHero\Songs\Rock Band\RB2 DLC","Microsoft.PowerShell.Core\FileSystem::G:\.CloneHero\Songs\Rock Band\RB2 DLC\Disturbed - The Game (2x Bass Pedal Expert+)"
"Disturbed - Voices (2x Bass Pedal Expert+)","Microsoft.PowerShell.Core\FileSystem::G:\.CloneHero\Songs\Rock Band\RB2 DLC","Microsoft.PowerShell.Core\FileSystem::G:\.CloneHero\Songs\Rock Band\RB2 DLC\Disturbed - Voices (2x Bass Pedal Expert+)"
"Dixie Chicks - Sin Wagon","Microsoft.PowerShell.Core\FileSystem::G:\.CloneHero\Songs\Rock Band\RB2 DLC","Microsoft.PowerShell.Core\FileSystem::G:\.CloneHero\Songs\Rock Band\RB2 DLC\Dixie Chicks - Sin Wagon"
"Dropkick Murphys - I'm Shipping Up to Boston","Microsoft.PowerShell.Core\FileSystem::G:\.CloneHero\Songs\Rock Band\RB2 DLC","Microsoft.PowerShell.Core\FileSystem::G:\.CloneHero\Songs\Rock Band\RB2 DLC\Dropkick Murphys - I'm Shipping Up to Boston"
"Eagles of Death Metal - I Only Want You","Microsoft.PowerShell.Core\FileSystem::G:\.CloneHero\Songs\Rock Band\RB2 DLC","Microsoft.PowerShell.Core\FileSystem::G:\.CloneHero\Songs\Rock Band\RB2 DLC\Eagles of Death Metal - I Only Want You"
"Earth, Wind & Fire - Shining Star","Microsoft.PowerShell.Core\FileSystem::G:\.CloneHero\Songs\Rock Band\RB2 DLC","Microsoft.PowerShell.Core\FileSystem::G:\.CloneHero\Songs\Rock Band\RB2 DLC\Earth, Wind & Fire - Shining Star"
"Elvis Costello - Radio Radio","Microsoft.PowerShell.Core\FileSystem::G:\.CloneHero\Songs\Rock Band\RB2 DLC","Microsoft.PowerShell.Core\FileSystem::G:\.CloneHero\Songs\Rock Band\RB2 DLC\Elvis Costello - Radio Radio"
"Endeverafter - I Wanna Be Your Man","Microsoft.PowerShell.Core\FileSystem::G:\.CloneHero\Songs\Rock Band\RB2 DLC","Microsoft.PowerShell.Core\FileSystem::G:\.CloneHero\Songs\Rock Band\RB2 DLC\Endeverafter - I Wanna Be Your Man"
"Eric Cartman - Lady Gaga's 'Poker Face' (South Park Version)","Microsoft.PowerShell.Core\FileSystem::G:\.CloneHero\Songs\Rock Band\RB2 DLC","Microsoft.PowerShell.Core\FileSystem::G:\.CloneHero\Songs\Rock Band\RB2 DLC\Eric Cartman - Lady Gaga's 'Poker Face' (South Park Version)"
"Eric Church - Hell on the Heart","Microsoft.PowerShell.Core\FileSystem::G:\.CloneHero\Songs\Rock Band\RB2 DLC","Microsoft.PowerShell.Core\FileSystem::G:\.CloneHero\Songs\Rock Band\RB2 DLC\Eric Church - Hell on the Heart"
"Escape the Fate - The Flood (2x Bass Pedal Expert+)","Microsoft.PowerShell.Core\FileSystem::G:\.CloneHero\Songs\Rock Band\RB2 DLC","Microsoft.PowerShell.Core\FileSystem::G:\.CloneHero\Songs\Rock Band\RB2 DLC\Escape the Fate - The Flood (2x Bass Pedal Expert+)"
"Evanescence - Bring Me to Life","Microsoft.PowerShell.Core\FileSystem::G:\.CloneHero\Songs\Rock Band\RB2 DLC","Microsoft.PowerShell.Core\FileSystem::G:\.CloneHero\Songs\Rock Band\RB2 DLC\Evanescence - Bring Me to Life"
"Evanescence - Call Me When You're Sober","Microsoft.PowerShell.Core\FileSystem::G:\.CloneHero\Songs\Rock Band\RB2 DLC","Microsoft.PowerShell.Core\FileSystem::G:\.CloneHero\Songs\Rock Band\RB2 DLC\Evanescence - Call Me When You're Sober"
"Evanescence - Weight of the World","Microsoft.PowerShell.Core\FileSystem::G:\.CloneHero\Songs\Rock Band\RB2 DLC","Microsoft.PowerShell.Core\FileSystem::G:\.CloneHero\Songs\Rock Band\RB2 DLC\Evanescence - Weight of the World"
"Eve 6 - Inside Out","Microsoft.PowerShell.Core\FileSystem::G:\.CloneHero\Songs\Rock Band\RB2 DLC","Microsoft.PowerShell.Core\FileSystem::G:\.CloneHero\Songs\Rock Band\RB2 DLC\Eve 6 - Inside Out"
"Fall Out Boy - I Don't Care","Microsoft.PowerShell.Core\FileSystem::G:\.CloneHero\Songs\Rock Band\RB2 DLC","Microsoft.PowerShell.Core\FileSystem::G:\.CloneHero\Songs\Rock Band\RB2 DLC\Fall Out Boy - I Don't Care"
"Fleetwood Mac - Don't Stop","Microsoft.PowerShell.Core\FileSystem::G:\.CloneHero\Songs\Rock Band\RB2 DLC","Microsoft.PowerShell.Core\FileSystem::G:\.CloneHero\Songs\Rock Band\RB2 DLC\Fleetwood Mac - Don't Stop"
"Fleetwood Mac - World Turning","Microsoft.PowerShell.Core\FileSystem::G:\.CloneHero\Songs\Rock Band\RB2 DLC","Microsoft.PowerShell.Core\FileSystem::G:\.CloneHero\Songs\Rock Band\RB2 DLC\Fleetwood Mac - World Turning"
"Flobots - Handlebars","Microsoft.PowerShell.Core\FileSystem::G:\.CloneHero\Songs\Rock Band\RB2 DLC","Microsoft.PowerShell.Core\FileSystem::G:\.CloneHero\Songs\Rock Band\RB2 DLC\Flobots - Handlebars"
"Flyleaf - Again","Microsoft.PowerShell.Core\FileSystem::G:\.CloneHero\Songs\Rock Band\RB2 DLC","Microsoft.PowerShell.Core\FileSystem::G:\.CloneHero\Songs\Rock Band\RB2 DLC\Flyleaf - Again"
"Foo Fighters - All My Life","Microsoft.PowerShell.Core\FileSystem::G:\.CloneHero\Songs\Rock Band\RB2 DLC","Microsoft.PowerShell.Core\FileSystem::G:\.CloneHero\Songs\Rock Band\RB2 DLC\Foo Fighters - All My Life"
"Foo Fighters - Best of You","Microsoft.PowerShell.Core\FileSystem::G:\.CloneHero\Songs\Rock Band\RB2 DLC","Microsoft.PowerShell.Core\FileSystem::G:\.CloneHero\Songs\Rock Band\RB2 DLC\Foo Fighters - Best of You"
"Foo Fighters - DOA","Microsoft.PowerShell.Core\FileSystem::G:\.CloneHero\Songs\Rock Band\RB2 DLC","Microsoft.PowerShell.Core\FileSystem::G:\.CloneHero\Songs\Rock Band\RB2 DLC\Foo Fighters - DOA"
"Foo Fighters - I'll Stick Around","Microsoft.PowerShell.Core\FileSystem::G:\.CloneHero\Songs\Rock Band\RB2 DLC","Microsoft.PowerShell.Core\FileSystem::G:\.CloneHero\Songs\Rock Band\RB2 DLC\Foo Fighters - I'll Stick Around"
"Foo Fighters - Lonely as You","Microsoft.PowerShell.Core\FileSystem::G:\.CloneHero\Songs\Rock Band\RB2 DLC","Microsoft.PowerShell.Core\FileSystem::G:\.CloneHero\Songs\Rock Band\RB2 DLC\Foo Fighters - Lonely as You"
"Foo Fighters - The Pretender","Microsoft.PowerShell.Core\FileSystem::G:\.CloneHero\Songs\Rock Band\RB2 DLC","Microsoft.PowerShell.Core\FileSystem::G:\.CloneHero\Songs\Rock Band\RB2 DLC\Foo Fighters - The Pretender"
"Foo Fighters - This Is a Call","Microsoft.PowerShell.Core\FileSystem::G:\.CloneHero\Songs\Rock Band\RB2 DLC","Microsoft.PowerShell.Core\FileSystem::G:\.CloneHero\Songs\Rock Band\RB2 DLC\Foo Fighters - This Is a Call"
"Foo Fighters - Times Like These","Microsoft.PowerShell.Core\FileSystem::G:\.CloneHero\Songs\Rock Band\RB2 DLC","Microsoft.PowerShell.Core\FileSystem::G:\.CloneHero\Songs\Rock Band\RB2 DLC\Foo Fighters - Times Like These"
"Foo Fighters - Wheels","Microsoft.PowerShell.Core\FileSystem::G:\.CloneHero\Songs\Rock Band\RB2 DLC","Microsoft.PowerShell.Core\FileSystem::G:\.CloneHero\Songs\Rock Band\RB2 DLC\Foo Fighters - Wheels"
"Foo Fighters - Word Forward","Microsoft.PowerShell.Core\FileSystem::G:\.CloneHero\Songs\Rock Band\RB2 DLC","Microsoft.PowerShell.Core\FileSystem::G:\.CloneHero\Songs\Rock Band\RB2 DLC\Foo Fighters - Word Forward"
"Foreigner - Blue Morning, Blue Day","Microsoft.PowerShell.Core\FileSystem::G:\.CloneHero\Songs\Rock Band\RB2 DLC","Microsoft.PowerShell.Core\FileSystem::G:\.CloneHero\Songs\Rock Band\RB2 DLC\Foreigner - Blue Morning, Blue Day"
"Foreigner - Feels Like the First Time","Microsoft.PowerShell.Core\FileSystem::G:\.CloneHero\Songs\Rock Band\RB2 DLC","Microsoft.PowerShell.Core\FileSystem::G:\.CloneHero\Songs\Rock Band\RB2 DLC\Foreigner - Feels Like the First Time"
"Foreigner - Headknocker","Microsoft.PowerShell.Core\FileSystem::G:\.CloneHero\Songs\Rock Band\RB2 DLC","Microsoft.PowerShell.Core\FileSystem::G:\.CloneHero\Songs\Rock Band\RB2 DLC\Foreigner - Headknocker"
"George Thorogood & the Destroyers - Bad to the Bone","Microsoft.PowerShell.Core\FileSystem::G:\.CloneHero\Songs\Rock Band\RB2 DLC","Microsoft.PowerShell.Core\FileSystem::G:\.CloneHero\Songs\Rock Band\RB2 DLC\George Thorogood & the Destroyers - Bad to the Bone"
"God Forbid - Empire of the Gun (2x Bass Pedal Expert+)","Microsoft.PowerShell.Core\FileSystem::G:\.CloneHero\Songs\Rock Band\RB2 DLC","Microsoft.PowerShell.Core\FileSystem::G:\.CloneHero\Songs\Rock Band\RB2 DLC\God Forbid - Empire of the Gun (2x Bass Pedal Expert+)"
"Godsmack - I Stand Alone","Microsoft.PowerShell.Core\FileSystem::G:\.CloneHero\Songs\Rock Band\RB2 DLC","Microsoft.PowerShell.Core\FileSystem::G:\.CloneHero\Songs\Rock Band\RB2 DLC\Godsmack - I Stand Alone"
"Gorillaz - Clint Eastwood","Microsoft.PowerShell.Core\FileSystem::G:\.CloneHero\Songs\Rock Band\RB2 DLC","Microsoft.PowerShell.Core\FileSystem::G:\.CloneHero\Songs\Rock Band\RB2 DLC\Gorillaz - Clint Eastwood"
"Gorillaz - Feel Good Inc","Microsoft.PowerShell.Core\FileSystem::G:\.CloneHero\Songs\Rock Band\RB2 DLC","Microsoft.PowerShell.Core\FileSystem::G:\.CloneHero\Songs\Rock Band\RB2 DLC\Gorillaz - Feel Good Inc"
"Gorillaz - Re-Hash","Microsoft.PowerShell.Core\FileSystem::G:\.CloneHero\Songs\Rock Band\RB2 DLC","Microsoft.PowerShell.Core\FileSystem::G:\.CloneHero\Songs\Rock Band\RB2 DLC\Gorillaz - Re-Hash"
"Hinder  - Use Me","Microsoft.PowerShell.Core\FileSystem::G:\.CloneHero\Songs\Rock Band\RB2 DLC","Microsoft.PowerShell.Core\FileSystem::G:\.CloneHero\Songs\Rock Band\RB2 DLC\Hinder  - Use Me"
"Hollywood Undead - Young","Microsoft.PowerShell.Core\FileSystem::G:\.CloneHero\Songs\Rock Band\RB2 DLC","Microsoft.PowerShell.Core\FileSystem::G:\.CloneHero\Songs\Rock Band\RB2 DLC\Hollywood Undead - Young"
"Iron Maiden - 2 Minutes to Midnight","Microsoft.PowerShell.Core\FileSystem::G:\.CloneHero\Songs\Rock Band\RB2 DLC","Microsoft.PowerShell.Core\FileSystem::G:\.CloneHero\Songs\Rock Band\RB2 DLC\Iron Maiden - 2 Minutes to Midnight"
"Iron Maiden - Aces High (live)","Microsoft.PowerShell.Core\FileSystem::G:\.CloneHero\Songs\Rock Band\RB2 DLC","Microsoft.PowerShell.Core\FileSystem::G:\.CloneHero\Songs\Rock Band\RB2 DLC\Iron Maiden - Aces High (live)"
"Iron Maiden - Can I Play With Madness","Microsoft.PowerShell.Core\FileSystem::G:\.CloneHero\Songs\Rock Band\RB2 DLC","Microsoft.PowerShell.Core\FileSystem::G:\.CloneHero\Songs\Rock Band\RB2 DLC\Iron Maiden - Can I Play With Madness"
"Iron Maiden - Fear of the Dark (live)","Microsoft.PowerShell.Core\FileSystem::G:\.CloneHero\Songs\Rock Band\RB2 DLC","Microsoft.PowerShell.Core\FileSystem::G:\.CloneHero\Songs\Rock Band\RB2 DLC\Iron Maiden - Fear of the Dark (live)"
"Iron Maiden - Hallowed be thy Name (live)","Microsoft.PowerShell.Core\FileSystem::G:\.CloneHero\Songs\Rock Band\RB2 DLC","Microsoft.PowerShell.Core\FileSystem::G:\.CloneHero\Songs\Rock Band\RB2 DLC\Iron Maiden - Hallowed be thy Name (live)"
"Iron Maiden - Iron Maiden (live)","Microsoft.PowerShell.Core\FileSystem::G:\.CloneHero\Songs\Rock Band\RB2 DLC","Microsoft.PowerShell.Core\FileSystem::G:\.CloneHero\Songs\Rock Band\RB2 DLC\Iron Maiden - Iron Maiden (live)"
"Iron Maiden - Powerslave","Microsoft.PowerShell.Core\FileSystem::G:\.CloneHero\Songs\Rock Band\RB2 DLC","Microsoft.PowerShell.Core\FileSystem::G:\.CloneHero\Songs\Rock Band\RB2 DLC\Iron Maiden - Powerslave"
"Iron Maiden - Run To The Hills (Original)","Microsoft.PowerShell.Core\FileSystem::G:\.CloneHero\Songs\Rock Band\RB2 DLC","Microsoft.PowerShell.Core\FileSystem::G:\.CloneHero\Songs\Rock Band\RB2 DLC\Iron Maiden - Run To The Hills (Original)"
"Iron Maiden - The Clairvoyant","Microsoft.PowerShell.Core\FileSystem::G:\.CloneHero\Songs\Rock Band\RB2 DLC","Microsoft.PowerShell.Core\FileSystem::G:\.CloneHero\Songs\Rock Band\RB2 DLC\Iron Maiden - The Clairvoyant"
"Iron Maiden - The Number of the Beast (Original)","Microsoft.PowerShell.Core\FileSystem::G:\.CloneHero\Songs\Rock Band\RB2 DLC","Microsoft.PowerShell.Core\FileSystem::G:\.CloneHero\Songs\Rock Band\RB2 DLC\Iron Maiden - The Number of the Beast (Original)"
"Iron Maiden - The Trooper","Microsoft.PowerShell.Core\FileSystem::G:\.CloneHero\Songs\Rock Band\RB2 DLC","Microsoft.PowerShell.Core\FileSystem::G:\.CloneHero\Songs\Rock Band\RB2 DLC\Iron Maiden - The Trooper"
"Iron Maiden - Wasted Years","Microsoft.PowerShell.Core\FileSystem::G:\.CloneHero\Songs\Rock Band\RB2 DLC","Microsoft.PowerShell.Core\FileSystem::G:\.CloneHero\Songs\Rock Band\RB2 DLC\Iron Maiden - Wasted Years"
"James Brown - Get Up (I Feel Like Being a) Sex Machine - Pt 1","Microsoft.PowerShell.Core\FileSystem::G:\.CloneHero\Songs\Rock Band\RB2 DLC","Microsoft.PowerShell.Core\FileSystem::G:\.CloneHero\Songs\Rock Band\RB2 DLC\James Brown - Get Up (I Feel Like Being a) Sex Machine - Pt 1"
"Janis Joplin - Piece of My Heart","Microsoft.PowerShell.Core\FileSystem::G:\.CloneHero\Songs\Rock Band\RB2 DLC","Microsoft.PowerShell.Core\FileSystem::G:\.CloneHero\Songs\Rock Band\RB2 DLC\Janis Joplin - Piece of My Heart"
"Jason Aldean - She's Country","Microsoft.PowerShell.Core\FileSystem::G:\.CloneHero\Songs\Rock Band\RB2 DLC","Microsoft.PowerShell.Core\FileSystem::G:\.CloneHero\Songs\Rock Band\RB2 DLC\Jason Aldean - She's Country"
"Jimi Hendrix - Valleys of Neptune","Microsoft.PowerShell.Core\FileSystem::G:\.CloneHero\Songs\Rock Band\RB2 DLC","Microsoft.PowerShell.Core\FileSystem::G:\.CloneHero\Songs\Rock Band\RB2 DLC\Jimi Hendrix - Valleys of Neptune"
"Jimmy Eat World - Bleed American","Microsoft.PowerShell.Core\FileSystem::G:\.CloneHero\Songs\Rock Band\RB2 DLC","Microsoft.PowerShell.Core\FileSystem::G:\.CloneHero\Songs\Rock Band\RB2 DLC\Jimmy Eat World - Bleed American"
"Jimmy Eat World - Futures","Microsoft.PowerShell.Core\FileSystem::G:\.CloneHero\Songs\Rock Band\RB2 DLC","Microsoft.PowerShell.Core\FileSystem::G:\.CloneHero\Songs\Rock Band\RB2 DLC\Jimmy Eat World - Futures"
"Jimmy Eat World - Lucky Denver Mint","Microsoft.PowerShell.Core\FileSystem::G:\.CloneHero\Songs\Rock Band\RB2 DLC","Microsoft.PowerShell.Core\FileSystem::G:\.CloneHero\Songs\Rock Band\RB2 DLC\Jimmy Eat World - Lucky Denver Mint"
"Jimmy Eat World - My Best Theory","Microsoft.PowerShell.Core\FileSystem::G:\.CloneHero\Songs\Rock Band\RB2 DLC","Microsoft.PowerShell.Core\FileSystem::G:\.CloneHero\Songs\Rock Band\RB2 DLC\Jimmy Eat World - My Best Theory"
"Jimmy Eat World - Pain","Microsoft.PowerShell.Core\FileSystem::G:\.CloneHero\Songs\Rock Band\RB2 DLC","Microsoft.PowerShell.Core\FileSystem::G:\.CloneHero\Songs\Rock Band\RB2 DLC\Jimmy Eat World - Pain"
"Jimmy Eat World - Sweetness","Microsoft.PowerShell.Core\FileSystem::G:\.CloneHero\Songs\Rock Band\RB2 DLC","Microsoft.PowerShell.Core\FileSystem::G:\.CloneHero\Songs\Rock Band\RB2 DLC\Jimmy Eat World - Sweetness"
"Joan Jett & The Blackhearts - Fake Friends","Microsoft.PowerShell.Core\FileSystem::G:\.CloneHero\Songs\Rock Band\RB2 DLC","Microsoft.PowerShell.Core\FileSystem::G:\.CloneHero\Songs\Rock Band\RB2 DLC\Joan Jett & The Blackhearts - Fake Friends"
"Josh Turner - Would You Go With Me","Microsoft.PowerShell.Core\FileSystem::G:\.CloneHero\Songs\Rock Band\RB2 DLC","Microsoft.PowerShell.Core\FileSystem::G:\.CloneHero\Songs\Rock Band\RB2 DLC\Josh Turner - Would You Go With Me"
"Journey - Don't Stop Believing","Microsoft.PowerShell.Core\FileSystem::G:\.CloneHero\Songs\Rock Band\RB2 DLC","Microsoft.PowerShell.Core\FileSystem::G:\.CloneHero\Songs\Rock Band\RB2 DLC\Journey - Don't Stop Believing"
"Judas Priest - Breaking the Law (Live)","Microsoft.PowerShell.Core\FileSystem::G:\.CloneHero\Songs\Rock Band\RB2 DLC","Microsoft.PowerShell.Core\FileSystem::G:\.CloneHero\Songs\Rock Band\RB2 DLC\Judas Priest - Breaking the Law (Live)"
"Judas Priest - Dissident Aggressor (Live)","Microsoft.PowerShell.Core\FileSystem::G:\.CloneHero\Songs\Rock Band\RB2 DLC","Microsoft.PowerShell.Core\FileSystem::G:\.CloneHero\Songs\Rock Band\RB2 DLC\Judas Priest - Dissident Aggressor (Live)"
"Judas Priest - Eat Me Alive (Live)","Microsoft.PowerShell.Core\FileSystem::G:\.CloneHero\Songs\Rock Band\RB2 DLC","Microsoft.PowerShell.Core\FileSystem::G:\.CloneHero\Songs\Rock Band\RB2 DLC\Judas Priest - Eat Me Alive (Live)"
"Judas Priest - Grinder (Live) (2x Bass Pedal Expert+)","Microsoft.PowerShell.Core\FileSystem::G:\.CloneHero\Songs\Rock Band\RB2 DLC","Microsoft.PowerShell.Core\FileSystem::G:\.CloneHero\Songs\Rock Band\RB2 DLC\Judas Priest - Grinder (Live) (2x Bass Pedal Expert+)"
"Judas Priest - Living After Midnight (Live) (2x Bass Pedal Expert+)","Microsoft.PowerShell.Core\FileSystem::G:\.CloneHero\Songs\Rock Band\RB2 DLC","Microsoft.PowerShell.Core\FileSystem::G:\.CloneHero\Songs\Rock Band\RB2 DLC\Judas Priest - Living After Midnight (Live) (2x Bass Pedal Expert+)"
"Judas Priest - Metal Gods (Live)","Microsoft.PowerShell.Core\FileSystem::G:\.CloneHero\Songs\Rock Band\RB2 DLC","Microsoft.PowerShell.Core\FileSystem::G:\.CloneHero\Songs\Rock Band\RB2 DLC\Judas Priest - Metal Gods (Live)"
"Judas Priest - Prophecy (Live) (2x Bass Pedal Expert+)","Microsoft.PowerShell.Core\FileSystem::G:\.CloneHero\Songs\Rock Band\RB2 DLC","Microsoft.PowerShell.Core\FileSystem::G:\.CloneHero\Songs\Rock Band\RB2 DLC\Judas Priest - Prophecy (Live) (2x Bass Pedal Expert+)"
"Judas Priest - Rapid Fire (Live) (2x Bass Pedal Expert+)","Microsoft.PowerShell.Core\FileSystem::G:\.CloneHero\Songs\Rock Band\RB2 DLC","Microsoft.PowerShell.Core\FileSystem::G:\.CloneHero\Songs\Rock Band\RB2 DLC\Judas Priest - Rapid Fire (Live) (2x Bass Pedal Expert+)"
"Judas Priest - Steeler (Live) (2x Bass Pedal Expert+)","Microsoft.PowerShell.Core\FileSystem::G:\.CloneHero\Songs\Rock Band\RB2 DLC","Microsoft.PowerShell.Core\FileSystem::G:\.CloneHero\Songs\Rock Band\RB2 DLC\Judas Priest - Steeler (Live) (2x Bass Pedal Expert+)"
"Judas Priest - The Rage (Live) (2x Bass Pedal Expert+)","Microsoft.PowerShell.Core\FileSystem::G:\.CloneHero\Songs\Rock Band\RB2 DLC","Microsoft.PowerShell.Core\FileSystem::G:\.CloneHero\Songs\Rock Band\RB2 DLC\Judas Priest - The Rage (Live) (2x Bass Pedal Expert+)"
"Judas Priest - United (Live) (2x Bass Pedal Expert+)","Microsoft.PowerShell.Core\FileSystem::G:\.CloneHero\Songs\Rock Band\RB2 DLC","Microsoft.PowerShell.Core\FileSystem::G:\.CloneHero\Songs\Rock Band\RB2 DLC\Judas Priest - United (Live) (2x Bass Pedal Expert+)"
"Judas Priest - You Don't Have to Be Old to Be Wise (Live)","Microsoft.PowerShell.Core\FileSystem::G:\.CloneHero\Songs\Rock Band\RB2 DLC","Microsoft.PowerShell.Core\FileSystem::G:\.CloneHero\Songs\Rock Band\RB2 DLC\Judas Priest - You Don't Have to Be Old to Be Wise (Live)"
"Keith Urban - Days Go By","Microsoft.PowerShell.Core\FileSystem::G:\.CloneHero\Songs\Rock Band\RB2 DLC","Microsoft.PowerShell.Core\FileSystem::G:\.CloneHero\Songs\Rock Band\RB2 DLC\Keith Urban - Days Go By"
"Keith Urban - I Told You So","Microsoft.PowerShell.Core\FileSystem::G:\.CloneHero\Songs\Rock Band\RB2 DLC","Microsoft.PowerShell.Core\FileSystem::G:\.CloneHero\Songs\Rock Band\RB2 DLC\Keith Urban - I Told You So"
"Kelly Clarkson - Miss Independent","Microsoft.PowerShell.Core\FileSystem::G:\.CloneHero\Songs\Rock Band\RB2 DLC","Microsoft.PowerShell.Core\FileSystem::G:\.CloneHero\Songs\Rock Band\RB2 DLC\Kelly Clarkson - Miss Independent"
"Kenny Chesney - She Thinks My Tractor's Sexy","Microsoft.PowerShell.Core\FileSystem::G:\.CloneHero\Songs\Rock Band\RB2 DLC","Microsoft.PowerShell.Core\FileSystem::G:\.CloneHero\Songs\Rock Band\RB2 DLC\Kenny Chesney - She Thinks My Tractor's Sexy"
"Kenny Rogers - The Gambler","Microsoft.PowerShell.Core\FileSystem::G:\.CloneHero\Songs\Rock Band\RB2 DLC","Microsoft.PowerShell.Core\FileSystem::G:\.CloneHero\Songs\Rock Band\RB2 DLC\Kenny Rogers - The Gambler"
"Kings Of Leon - Crawl","Microsoft.PowerShell.Core\FileSystem::G:\.CloneHero\Songs\Rock Band\RB2 DLC","Microsoft.PowerShell.Core\FileSystem::G:\.CloneHero\Songs\Rock Band\RB2 DLC\Kings Of Leon - Crawl"
"Kings Of Leon - Molly's Chambers","Microsoft.PowerShell.Core\FileSystem::G:\.CloneHero\Songs\Rock Band\RB2 DLC","Microsoft.PowerShell.Core\FileSystem::G:\.CloneHero\Songs\Rock Band\RB2 DLC\Kings Of Leon - Molly's Chambers"
"Kings Of Leon - Sex on Fire","Microsoft.PowerShell.Core\FileSystem::G:\.CloneHero\Songs\Rock Band\RB2 DLC","Microsoft.PowerShell.Core\FileSystem::G:\.CloneHero\Songs\Rock Band\RB2 DLC\Kings Of Leon - Sex on Fire"
"KISS - 100,000 Years (Live)","Microsoft.PowerShell.Core\FileSystem::G:\.CloneHero\Songs\Rock Band\RB2 DLC","Microsoft.PowerShell.Core\FileSystem::G:\.CloneHero\Songs\Rock Band\RB2 DLC\KISS - 100,000 Years (Live)"
"KISS - Deuce (Live)","Microsoft.PowerShell.Core\FileSystem::G:\.CloneHero\Songs\Rock Band\RB2 DLC","Microsoft.PowerShell.Core\FileSystem::G:\.CloneHero\Songs\Rock Band\RB2 DLC\KISS - Deuce (Live)"
"KISS - Parasite (Live)","Microsoft.PowerShell.Core\FileSystem::G:\.CloneHero\Songs\Rock Band\RB2 DLC","Microsoft.PowerShell.Core\FileSystem::G:\.CloneHero\Songs\Rock Band\RB2 DLC\KISS - Parasite (Live)"
"KMFDM - Sturm & Drang","Microsoft.PowerShell.Core\FileSystem::G:\.CloneHero\Songs\Rock Band\RB2 DLC","Microsoft.PowerShell.Core\FileSystem::G:\.CloneHero\Songs\Rock Band\RB2 DLC\KMFDM - Sturm & Drang"
"La Roux - Bulletproof","Microsoft.PowerShell.Core\FileSystem::G:\.CloneHero\Songs\Rock Band\RB2 DLC","Microsoft.PowerShell.Core\FileSystem::G:\.CloneHero\Songs\Rock Band\RB2 DLC\La Roux - Bulletproof"
"Lady Antebellum - Lookin' for a Good Time","Microsoft.PowerShell.Core\FileSystem::G:\.CloneHero\Songs\Rock Band\RB2 DLC","Microsoft.PowerShell.Core\FileSystem::G:\.CloneHero\Songs\Rock Band\RB2 DLC\Lady Antebellum - Lookin' for a Good Time"
"Lady Gaga - Bad Romance","Microsoft.PowerShell.Core\FileSystem::G:\.CloneHero\Songs\Rock Band\RB2 DLC","Microsoft.PowerShell.Core\FileSystem::G:\.CloneHero\Songs\Rock Band\RB2 DLC\Lady Gaga - Bad Romance"
"Lady Gaga - Just Dance","Microsoft.PowerShell.Core\FileSystem::G:\.CloneHero\Songs\Rock Band\RB2 DLC","Microsoft.PowerShell.Core\FileSystem::G:\.CloneHero\Songs\Rock Band\RB2 DLC\Lady Gaga - Just Dance"
"Lady Gaga - Monster","Microsoft.PowerShell.Core\FileSystem::G:\.CloneHero\Songs\Rock Band\RB2 DLC","Microsoft.PowerShell.Core\FileSystem::G:\.CloneHero\Songs\Rock Band\RB2 DLC\Lady Gaga - Monster"
"Lady Gaga - Poker Face","Microsoft.PowerShell.Core\FileSystem::G:\.CloneHero\Songs\Rock Band\RB2 DLC","Microsoft.PowerShell.Core\FileSystem::G:\.CloneHero\Songs\Rock Band\RB2 DLC\Lady Gaga - Poker Face"
"Lamb of God - Laid to Rest","Microsoft.PowerShell.Core\FileSystem::G:\.CloneHero\Songs\Rock Band\RB2 DLC","Microsoft.PowerShell.Core\FileSystem::G:\.CloneHero\Songs\Rock Band\RB2 DLC\Lamb of God - Laid to Rest"
"Lenny Kravitz - Are You Gonna Go My Way","Microsoft.PowerShell.Core\FileSystem::G:\.CloneHero\Songs\Rock Band\RB2 DLC","Microsoft.PowerShell.Core\FileSystem::G:\.CloneHero\Songs\Rock Band\RB2 DLC\Lenny Kravitz - Are You Gonna Go My Way"
"Lenny Kravitz - Freedom Train","Microsoft.PowerShell.Core\FileSystem::G:\.CloneHero\Songs\Rock Band\RB2 DLC","Microsoft.PowerShell.Core\FileSystem::G:\.CloneHero\Songs\Rock Band\RB2 DLC\Lenny Kravitz - Freedom Train"
"Lenny Kravitz - Let Love Rule","Microsoft.PowerShell.Core\FileSystem::G:\.CloneHero\Songs\Rock Band\RB2 DLC","Microsoft.PowerShell.Core\FileSystem::G:\.CloneHero\Songs\Rock Band\RB2 DLC\Lenny Kravitz - Let Love Rule"
"Lenny Kravitz - Mr. Cab Driver","Microsoft.PowerShell.Core\FileSystem::G:\.CloneHero\Songs\Rock Band\RB2 DLC","Microsoft.PowerShell.Core\FileSystem::G:\.CloneHero\Songs\Rock Band\RB2 DLC\Lenny Kravitz - Mr. Cab Driver"
"Limp Bizkit - Build A Bridge","Microsoft.PowerShell.Core\FileSystem::G:\.CloneHero\Songs\Rock Band\RB2 DLC","Microsoft.PowerShell.Core\FileSystem::G:\.CloneHero\Songs\Rock Band\RB2 DLC\Limp Bizkit - Build A Bridge"
"Luscious Jackson - Naked Eye","Microsoft.PowerShell.Core\FileSystem::G:\.CloneHero\Songs\Rock Band\RB2 DLC","Microsoft.PowerShell.Core\FileSystem::G:\.CloneHero\Songs\Rock Band\RB2 DLC\Luscious Jackson - Naked Eye"
"Marilyn Manson - Disposable Teens","Microsoft.PowerShell.Core\FileSystem::G:\.CloneHero\Songs\Rock Band\RB2 DLC","Microsoft.PowerShell.Core\FileSystem::G:\.CloneHero\Songs\Rock Band\RB2 DLC\Marilyn Manson - Disposable Teens"
"Marilyn Manson - The Dope Show","Microsoft.PowerShell.Core\FileSystem::G:\.CloneHero\Songs\Rock Band\RB2 DLC","Microsoft.PowerShell.Core\FileSystem::G:\.CloneHero\Songs\Rock Band\RB2 DLC\Marilyn Manson - The Dope Show"
"Maroon 5 - Little of Your Time","Microsoft.PowerShell.Core\FileSystem::G:\.CloneHero\Songs\Rock Band\RB2 DLC","Microsoft.PowerShell.Core\FileSystem::G:\.CloneHero\Songs\Rock Band\RB2 DLC\Maroon 5 - Little of Your Time"
"Maroon 5 - Makes Me Wonder","Microsoft.PowerShell.Core\FileSystem::G:\.CloneHero\Songs\Rock Band\RB2 DLC","Microsoft.PowerShell.Core\FileSystem::G:\.CloneHero\Songs\Rock Band\RB2 DLC\Maroon 5 - Makes Me Wonder"
"Maroon 5 - Wake Up Call","Microsoft.PowerShell.Core\FileSystem::G:\.CloneHero\Songs\Rock Band\RB2 DLC","Microsoft.PowerShell.Core\FileSystem::G:\.CloneHero\Songs\Rock Band\RB2 DLC\Maroon 5 - Wake Up Call"
"Martina McBride - This One's for the Girls","Microsoft.PowerShell.Core\FileSystem::G:\.CloneHero\Songs\Rock Band\RB2 DLC","Microsoft.PowerShell.Core\FileSystem::G:\.CloneHero\Songs\Rock Band\RB2 DLC\Martina McBride - This One's for the Girls"
"Miley Cyrus - Party in the U.S.A","Microsoft.PowerShell.Core\FileSystem::G:\.CloneHero\Songs\Rock Band\RB2 DLC","Microsoft.PowerShell.Core\FileSystem::G:\.CloneHero\Songs\Rock Band\RB2 DLC\Miley Cyrus - Party in the U.S.A"
"Ministry - LiesLiesLies (2x Bass Pedal Expert+)","Microsoft.PowerShell.Core\FileSystem::G:\.CloneHero\Songs\Rock Band\RB2 DLC","Microsoft.PowerShell.Core\FileSystem::G:\.CloneHero\Songs\Rock Band\RB2 DLC\Ministry - LiesLiesLies (2x Bass Pedal Expert+)"
"Ministry - Stigmata (2x Bass Pedal Expert+)","Microsoft.PowerShell.Core\FileSystem::G:\.CloneHero\Songs\Rock Band\RB2 DLC","Microsoft.PowerShell.Core\FileSystem::G:\.CloneHero\Songs\Rock Band\RB2 DLC\Ministry - Stigmata (2x Bass Pedal Expert+)"
"Ministry - The Great Satan (2x Bass Pedal Expert+)","Microsoft.PowerShell.Core\FileSystem::G:\.CloneHero\Songs\Rock Band\RB2 DLC","Microsoft.PowerShell.Core\FileSystem::G:\.CloneHero\Songs\Rock Band\RB2 DLC\Ministry - The Great Satan (2x Bass Pedal Expert+)"
"Ministry - Thieves (2x Bass Pedal Expert+)","Microsoft.PowerShell.Core\FileSystem::G:\.CloneHero\Songs\Rock Band\RB2 DLC","Microsoft.PowerShell.Core\FileSystem::G:\.CloneHero\Songs\Rock Band\RB2 DLC\Ministry - Thieves (2x Bass Pedal Expert+)"
"Miranda Cosgrove - Headphones On","Microsoft.PowerShell.Core\FileSystem::G:\.CloneHero\Songs\Rock Band\RB2 DLC","Microsoft.PowerShell.Core\FileSystem::G:\.CloneHero\Songs\Rock Band\RB2 DLC\Miranda Cosgrove - Headphones On"
"Miranda Lambert - Gunpowder & Lead","Microsoft.PowerShell.Core\FileSystem::G:\.CloneHero\Songs\Rock Band\RB2 DLC","Microsoft.PowerShell.Core\FileSystem::G:\.CloneHero\Songs\Rock Band\RB2 DLC\Miranda Lambert - Gunpowder & Lead"
"My Chemical Romance - I'm Not Okay (I Promise)","Microsoft.PowerShell.Core\FileSystem::G:\.CloneHero\Songs\Rock Band\RB2 DLC","Microsoft.PowerShell.Core\FileSystem::G:\.CloneHero\Songs\Rock Band\RB2 DLC\My Chemical Romance - I'm Not Okay (I Promise)"
"My Chemical Romance - Welcome To The Black Parade","Microsoft.PowerShell.Core\FileSystem::G:\.CloneHero\Songs\Rock Band\RB2 DLC","Microsoft.PowerShell.Core\FileSystem::G:\.CloneHero\Songs\Rock Band\RB2 DLC\My Chemical Romance - Welcome To The Black Parade"
"Nazareth - Hair of the Dog","Microsoft.PowerShell.Core\FileSystem::G:\.CloneHero\Songs\Rock Band\RB2 DLC","Microsoft.PowerShell.Core\FileSystem::G:\.CloneHero\Songs\Rock Band\RB2 DLC\Nazareth - Hair of the Dog"
"Nickelback - Burn It to the Ground","Microsoft.PowerShell.Core\FileSystem::G:\.CloneHero\Songs\Rock Band\RB2 DLC","Microsoft.PowerShell.Core\FileSystem::G:\.CloneHero\Songs\Rock Band\RB2 DLC\Nickelback - Burn It to the Ground"
"Nickelback - Figured You Out","Microsoft.PowerShell.Core\FileSystem::G:\.CloneHero\Songs\Rock Band\RB2 DLC","Microsoft.PowerShell.Core\FileSystem::G:\.CloneHero\Songs\Rock Band\RB2 DLC\Nickelback - Figured You Out"
"Nickelback - Never Again","Microsoft.PowerShell.Core\FileSystem::G:\.CloneHero\Songs\Rock Band\RB2 DLC","Microsoft.PowerShell.Core\FileSystem::G:\.CloneHero\Songs\Rock Band\RB2 DLC\Nickelback - Never Again"
"Nickelback - Photograph","Microsoft.PowerShell.Core\FileSystem::G:\.CloneHero\Songs\Rock Band\RB2 DLC","Microsoft.PowerShell.Core\FileSystem::G:\.CloneHero\Songs\Rock Band\RB2 DLC\Nickelback - Photograph"
"Nickelback - Rockstar","Microsoft.PowerShell.Core\FileSystem::G:\.CloneHero\Songs\Rock Band\RB2 DLC","Microsoft.PowerShell.Core\FileSystem::G:\.CloneHero\Songs\Rock Band\RB2 DLC\Nickelback - Rockstar"
"Nickelback - This Afternoon","Microsoft.PowerShell.Core\FileSystem::G:\.CloneHero\Songs\Rock Band\RB2 DLC","Microsoft.PowerShell.Core\FileSystem::G:\.CloneHero\Songs\Rock Band\RB2 DLC\Nickelback - This Afternoon"
"Nirvana - About a Girl","Microsoft.PowerShell.Core\FileSystem::G:\.CloneHero\Songs\Rock Band\RB2 DLC","Microsoft.PowerShell.Core\FileSystem::G:\.CloneHero\Songs\Rock Band\RB2 DLC\Nirvana - About a Girl"
"Nirvana - Blew","Microsoft.PowerShell.Core\FileSystem::G:\.CloneHero\Songs\Rock Band\RB2 DLC","Microsoft.PowerShell.Core\FileSystem::G:\.CloneHero\Songs\Rock Band\RB2 DLC\Nirvana - Blew"
"Nirvana - Breed","Microsoft.PowerShell.Core\FileSystem::G:\.CloneHero\Songs\Rock Band\RB2 DLC","Microsoft.PowerShell.Core\FileSystem::G:\.CloneHero\Songs\Rock Band\RB2 DLC\Nirvana - Breed"
"Nirvana - Come As You Are (Unplugged)","Microsoft.PowerShell.Core\FileSystem::G:\.CloneHero\Songs\Rock Band\RB2 DLC","Microsoft.PowerShell.Core\FileSystem::G:\.CloneHero\Songs\Rock Band\RB2 DLC\Nirvana - Come As You Are (Unplugged)"
"Nirvana - Lithium (Live)","Microsoft.PowerShell.Core\FileSystem::G:\.CloneHero\Songs\Rock Band\RB2 DLC","Microsoft.PowerShell.Core\FileSystem::G:\.CloneHero\Songs\Rock Band\RB2 DLC\Nirvana - Lithium (Live)"
"Nirvana - Lounge Act","Microsoft.PowerShell.Core\FileSystem::G:\.CloneHero\Songs\Rock Band\RB2 DLC","Microsoft.PowerShell.Core\FileSystem::G:\.CloneHero\Songs\Rock Band\RB2 DLC\Nirvana - Lounge Act"
"Nirvana - On A Plain","Microsoft.PowerShell.Core\FileSystem::G:\.CloneHero\Songs\Rock Band\RB2 DLC","Microsoft.PowerShell.Core\FileSystem::G:\.CloneHero\Songs\Rock Band\RB2 DLC\Nirvana - On A Plain"
"Nirvana - Polly","Microsoft.PowerShell.Core\FileSystem::G:\.CloneHero\Songs\Rock Band\RB2 DLC","Microsoft.PowerShell.Core\FileSystem::G:\.CloneHero\Songs\Rock Band\RB2 DLC\Nirvana - Polly"
"Nirvana - School","Microsoft.PowerShell.Core\FileSystem::G:\.CloneHero\Songs\Rock Band\RB2 DLC","Microsoft.PowerShell.Core\FileSystem::G:\.CloneHero\Songs\Rock Band\RB2 DLC\Nirvana - School"
"Nirvana - Smells Like Teen Spirit","Microsoft.PowerShell.Core\FileSystem::G:\.CloneHero\Songs\Rock Band\RB2 DLC","Microsoft.PowerShell.Core\FileSystem::G:\.CloneHero\Songs\Rock Band\RB2 DLC\Nirvana - Smells Like Teen Spirit"
"Nirvana - Something in the Way","Microsoft.PowerShell.Core\FileSystem::G:\.CloneHero\Songs\Rock Band\RB2 DLC","Microsoft.PowerShell.Core\FileSystem::G:\.CloneHero\Songs\Rock Band\RB2 DLC\Nirvana - Something in the Way"
"Nirvana - Stay Away","Microsoft.PowerShell.Core\FileSystem::G:\.CloneHero\Songs\Rock Band\RB2 DLC","Microsoft.PowerShell.Core\FileSystem::G:\.CloneHero\Songs\Rock Band\RB2 DLC\Nirvana - Stay Away"
"Nirvana - Territorial Pissings","Microsoft.PowerShell.Core\FileSystem::G:\.CloneHero\Songs\Rock Band\RB2 DLC","Microsoft.PowerShell.Core\FileSystem::G:\.CloneHero\Songs\Rock Band\RB2 DLC\Nirvana - Territorial Pissings"
"Oasis - Supersonic (Live)","Microsoft.PowerShell.Core\FileSystem::G:\.CloneHero\Songs\Rock Band\RB2 DLC","Microsoft.PowerShell.Core\FileSystem::G:\.CloneHero\Songs\Rock Band\RB2 DLC\Oasis - Supersonic (Live)"
"Otis Redding - (Sittin' on the) Dock of the Bay (Take 2)","Microsoft.PowerShell.Core\FileSystem::G:\.CloneHero\Songs\Rock Band\RB2 DLC","Microsoft.PowerShell.Core\FileSystem::G:\.CloneHero\Songs\Rock Band\RB2 DLC\Otis Redding - (Sittin' on the) Dock of the Bay (Take 2)"
"P!nk - Who Knew","Microsoft.PowerShell.Core\FileSystem::G:\.CloneHero\Songs\Rock Band\RB2 DLC","Microsoft.PowerShell.Core\FileSystem::G:\.CloneHero\Songs\Rock Band\RB2 DLC\P!nk - Who Knew"
"P.O.D - Alive","Microsoft.PowerShell.Core\FileSystem::G:\.CloneHero\Songs\Rock Band\RB2 DLC","Microsoft.PowerShell.Core\FileSystem::G:\.CloneHero\Songs\Rock Band\RB2 DLC\P.O.D - Alive"
"Papa Roach - Last Resort","Microsoft.PowerShell.Core\FileSystem::G:\.CloneHero\Songs\Rock Band\RB2 DLC","Microsoft.PowerShell.Core\FileSystem::G:\.CloneHero\Songs\Rock Band\RB2 DLC\Papa Roach - Last Resort"
"Papa Roach - Lifeline","Microsoft.PowerShell.Core\FileSystem::G:\.CloneHero\Songs\Rock Band\RB2 DLC","Microsoft.PowerShell.Core\FileSystem::G:\.CloneHero\Songs\Rock Band\RB2 DLC\Papa Roach - Lifeline"
"Pearl Jam - Alive (Live Drop in the Park)","Microsoft.PowerShell.Core\FileSystem::G:\.CloneHero\Songs\Rock Band\RB2 DLC","Microsoft.PowerShell.Core\FileSystem::G:\.CloneHero\Songs\Rock Band\RB2 DLC\Pearl Jam - Alive (Live Drop in the Park)"
"Plain White T's - Natural Disaster","Microsoft.PowerShell.Core\FileSystem::G:\.CloneHero\Songs\Rock Band\RB2 DLC","Microsoft.PowerShell.Core\FileSystem::G:\.CloneHero\Songs\Rock Band\RB2 DLC\Plain White T's - Natural Disaster"
"R.E.M. - Its The End Of The World As We Know It","Microsoft.PowerShell.Core\FileSystem::G:\.CloneHero\Songs\Rock Band\RB2 DLC","Microsoft.PowerShell.Core\FileSystem::G:\.CloneHero\Songs\Rock Band\RB2 DLC\R.E.M. - Its The End Of The World As We Know It"
"R.E.M. - Losing My Religion","Microsoft.PowerShell.Core\FileSystem::G:\.CloneHero\Songs\Rock Band\RB2 DLC","Microsoft.PowerShell.Core\FileSystem::G:\.CloneHero\Songs\Rock Band\RB2 DLC\R.E.M. - Losing My Religion"
"Rage Against the Machine - Bulls on Parade","Microsoft.PowerShell.Core\FileSystem::G:\.CloneHero\Songs\Rock Band\RB2 DLC","Microsoft.PowerShell.Core\FileSystem::G:\.CloneHero\Songs\Rock Band\RB2 DLC\Rage Against the Machine - Bulls on Parade"
"Rage Against the Machine - Guerrilla Radio","Microsoft.PowerShell.Core\FileSystem::G:\.CloneHero\Songs\Rock Band\RB2 DLC","Microsoft.PowerShell.Core\FileSystem::G:\.CloneHero\Songs\Rock Band\RB2 DLC\Rage Against the Machine - Guerrilla Radio"
"Rancid - Last One to Die","Microsoft.PowerShell.Core\FileSystem::G:\.CloneHero\Songs\Rock Band\RB2 DLC","Microsoft.PowerShell.Core\FileSystem::G:\.CloneHero\Songs\Rock Band\RB2 DLC\Rancid - Last One to Die"
"Rancid - Ruby Soho","Microsoft.PowerShell.Core\FileSystem::G:\.CloneHero\Songs\Rock Band\RB2 DLC","Microsoft.PowerShell.Core\FileSystem::G:\.CloneHero\Songs\Rock Band\RB2 DLC\Rancid - Ruby Soho"
"Rancid - Time Bomb","Microsoft.PowerShell.Core\FileSystem::G:\.CloneHero\Songs\Rock Band\RB2 DLC","Microsoft.PowerShell.Core\FileSystem::G:\.CloneHero\Songs\Rock Band\RB2 DLC\Rancid - Time Bomb"
"Rascal Flatts - Me and My Gang","Microsoft.PowerShell.Core\FileSystem::G:\.CloneHero\Songs\Rock Band\RB2 DLC","Microsoft.PowerShell.Core\FileSystem::G:\.CloneHero\Songs\Rock Band\RB2 DLC\Rascal Flatts - Me and My Gang"
"Reba McEntire - Fancy","Microsoft.PowerShell.Core\FileSystem::G:\.CloneHero\Songs\Rock Band\RB2 DLC","Microsoft.PowerShell.Core\FileSystem::G:\.CloneHero\Songs\Rock Band\RB2 DLC\Reba McEntire - Fancy"
"Rise Against - Prayer of the Refugee","Microsoft.PowerShell.Core\FileSystem::G:\.CloneHero\Songs\Rock Band\RB2 DLC","Microsoft.PowerShell.Core\FileSystem::G:\.CloneHero\Songs\Rock Band\RB2 DLC\Rise Against - Prayer of the Refugee"
"Rise Against - Re-Education (Through Labor)","Microsoft.PowerShell.Core\FileSystem::G:\.CloneHero\Songs\Rock Band\RB2 DLC","Microsoft.PowerShell.Core\FileSystem::G:\.CloneHero\Songs\Rock Band\RB2 DLC\Rise Against - Re-Education (Through Labor)"
"Rise Against - Savior","Microsoft.PowerShell.Core\FileSystem::G:\.CloneHero\Songs\Rock Band\RB2 DLC","Microsoft.PowerShell.Core\FileSystem::G:\.CloneHero\Songs\Rock Band\RB2 DLC\Rise Against - Savior"
"Rob Zombie - Burn","Microsoft.PowerShell.Core\FileSystem::G:\.CloneHero\Songs\Rock Band\RB2 DLC","Microsoft.PowerShell.Core\FileSystem::G:\.CloneHero\Songs\Rock Band\RB2 DLC\Rob Zombie - Burn"
"Rob Zombie - Dragula","Microsoft.PowerShell.Core\FileSystem::G:\.CloneHero\Songs\Rock Band\RB2 DLC","Microsoft.PowerShell.Core\FileSystem::G:\.CloneHero\Songs\Rock Band\RB2 DLC\Rob Zombie - Dragula"
"Rob Zombie - Superbeast","Microsoft.PowerShell.Core\FileSystem::G:\.CloneHero\Songs\Rock Band\RB2 DLC","Microsoft.PowerShell.Core\FileSystem::G:\.CloneHero\Songs\Rock Band\RB2 DLC\Rob Zombie - Superbeast"
"Rob Zombie - Warzone","Microsoft.PowerShell.Core\FileSystem::G:\.CloneHero\Songs\Rock Band\RB2 DLC","Microsoft.PowerShell.Core\FileSystem::G:\.CloneHero\Songs\Rock Band\RB2 DLC\Rob Zombie - Warzone"
"Shania Twain - Any Man of Mine","Microsoft.PowerShell.Core\FileSystem::G:\.CloneHero\Songs\Rock Band\RB2 DLC","Microsoft.PowerShell.Core\FileSystem::G:\.CloneHero\Songs\Rock Band\RB2 DLC\Shania Twain - Any Man of Mine"
"Silverchair - Tomorrow","Microsoft.PowerShell.Core\FileSystem::G:\.CloneHero\Songs\Rock Band\RB2 DLC","Microsoft.PowerShell.Core\FileSystem::G:\.CloneHero\Songs\Rock Band\RB2 DLC\Silverchair - Tomorrow"
"Simon & Garfunkel - The Sound of Silence","Microsoft.PowerShell.Core\FileSystem::G:\.CloneHero\Songs\Rock Band\RB2 DLC","Microsoft.PowerShell.Core\FileSystem::G:\.CloneHero\Songs\Rock Band\RB2 DLC\Simon & Garfunkel - The Sound of Silence"
"Skillet - Monster","Microsoft.PowerShell.Core\FileSystem::G:\.CloneHero\Songs\Rock Band\RB2 DLC","Microsoft.PowerShell.Core\FileSystem::G:\.CloneHero\Songs\Rock Band\RB2 DLC\Skillet - Monster"
"Slayer - Black Magic","Microsoft.PowerShell.Core\FileSystem::G:\.CloneHero\Songs\Rock Band\RB2 DLC","Microsoft.PowerShell.Core\FileSystem::G:\.CloneHero\Songs\Rock Band\RB2 DLC\Slayer - Black Magic"
"Slipknot - Duality (2x Bass Pedal Expert+)","Microsoft.PowerShell.Core\FileSystem::G:\.CloneHero\Songs\Rock Band\RB2 DLC","Microsoft.PowerShell.Core\FileSystem::G:\.CloneHero\Songs\Rock Band\RB2 DLC\Slipknot - Duality (2x Bass Pedal Expert+)"
"Slipknot - Psychosocial (2x Bass Pedal Expert+)","Microsoft.PowerShell.Core\FileSystem::G:\.CloneHero\Songs\Rock Band\RB2 DLC","Microsoft.PowerShell.Core\FileSystem::G:\.CloneHero\Songs\Rock Band\RB2 DLC\Slipknot - Psychosocial (2x Bass Pedal Expert+)"
"Slipknot - Sulfur (2x Bass Pedal Expert+)","Microsoft.PowerShell.Core\FileSystem::G:\.CloneHero\Songs\Rock Band\RB2 DLC","Microsoft.PowerShell.Core\FileSystem::G:\.CloneHero\Songs\Rock Band\RB2 DLC\Slipknot - Sulfur (2x Bass Pedal Expert+)"
"Smash Mouth - All Star","Microsoft.PowerShell.Core\FileSystem::G:\.CloneHero\Songs\Rock Band\RB2 DLC","Microsoft.PowerShell.Core\FileSystem::G:\.CloneHero\Songs\Rock Band\RB2 DLC\Smash Mouth - All Star"
"Snoop Dogg - Beautiful","Microsoft.PowerShell.Core\FileSystem::G:\.CloneHero\Songs\Rock Band\RB2 DLC","Microsoft.PowerShell.Core\FileSystem::G:\.CloneHero\Songs\Rock Band\RB2 DLC\Snoop Dogg - Beautiful"
"Snoop Dogg - Drop It Like Its Hot","Microsoft.PowerShell.Core\FileSystem::G:\.CloneHero\Songs\Rock Band\RB2 DLC","Microsoft.PowerShell.Core\FileSystem::G:\.CloneHero\Songs\Rock Band\RB2 DLC\Snoop Dogg - Drop It Like Its Hot"
"Snoop Dogg - Ridin in My Chevy","Microsoft.PowerShell.Core\FileSystem::G:\.CloneHero\Songs\Rock Band\RB2 DLC","Microsoft.PowerShell.Core\FileSystem::G:\.CloneHero\Songs\Rock Band\RB2 DLC\Snoop Dogg - Ridin in My Chevy"
"Snoop Dogg - Sensual Seduction","Microsoft.PowerShell.Core\FileSystem::G:\.CloneHero\Songs\Rock Band\RB2 DLC","Microsoft.PowerShell.Core\FileSystem::G:\.CloneHero\Songs\Rock Band\RB2 DLC\Snoop Dogg - Sensual Seduction"
"Snoop Dogg - Snoop's Upside Ya Head","Microsoft.PowerShell.Core\FileSystem::G:\.CloneHero\Songs\Rock Band\RB2 DLC","Microsoft.PowerShell.Core\FileSystem::G:\.CloneHero\Songs\Rock Band\RB2 DLC\Snoop Dogg - Snoop's Upside Ya Head"
"Snoop Dogg - Tha Shiznit","Microsoft.PowerShell.Core\FileSystem::G:\.CloneHero\Songs\Rock Band\RB2 DLC","Microsoft.PowerShell.Core\FileSystem::G:\.CloneHero\Songs\Rock Band\RB2 DLC\Snoop Dogg - Tha Shiznit"
"Snoop Dogg - That's tha Homie","Microsoft.PowerShell.Core\FileSystem::G:\.CloneHero\Songs\Rock Band\RB2 DLC","Microsoft.PowerShell.Core\FileSystem::G:\.CloneHero\Songs\Rock Band\RB2 DLC\Snoop Dogg - That's tha Homie"
"Snoop Dogg - Who Am I (Whats My Name)","Microsoft.PowerShell.Core\FileSystem::G:\.CloneHero\Songs\Rock Band\RB2 DLC","Microsoft.PowerShell.Core\FileSystem::G:\.CloneHero\Songs\Rock Band\RB2 DLC\Snoop Dogg - Who Am I (Whats My Name)"
"Social Distortion - Bad Luck","Microsoft.PowerShell.Core\FileSystem::G:\.CloneHero\Songs\Rock Band\RB2 DLC","Microsoft.PowerShell.Core\FileSystem::G:\.CloneHero\Songs\Rock Band\RB2 DLC\Social Distortion - Bad Luck"
"Social Distortion - Ring of Fire","Microsoft.PowerShell.Core\FileSystem::G:\.CloneHero\Songs\Rock Band\RB2 DLC","Microsoft.PowerShell.Core\FileSystem::G:\.CloneHero\Songs\Rock Band\RB2 DLC\Social Distortion - Ring of Fire"
"Social Distortion - Story of My Life","Microsoft.PowerShell.Core\FileSystem::G:\.CloneHero\Songs\Rock Band\RB2 DLC","Microsoft.PowerShell.Core\FileSystem::G:\.CloneHero\Songs\Rock Band\RB2 DLC\Social Distortion - Story of My Life"
"Spinal Tap - Stonehenge","Microsoft.PowerShell.Core\FileSystem::G:\.CloneHero\Songs\Rock Band\RB2 DLC","Microsoft.PowerShell.Core\FileSystem::G:\.CloneHero\Songs\Rock Band\RB2 DLC\Spinal Tap - Stonehenge"
"Static-X - Push It","Microsoft.PowerShell.Core\FileSystem::G:\.CloneHero\Songs\Rock Band\RB2 DLC","Microsoft.PowerShell.Core\FileSystem::G:\.CloneHero\Songs\Rock Band\RB2 DLC\Static-X - Push It"
"Steve Miller Band - Space Cowboy","Microsoft.PowerShell.Core\FileSystem::G:\.CloneHero\Songs\Rock Band\RB2 DLC","Microsoft.PowerShell.Core\FileSystem::G:\.CloneHero\Songs\Rock Band\RB2 DLC\Steve Miller Band - Space Cowboy"
"Stone Temple Pilots - Big Empty","Microsoft.PowerShell.Core\FileSystem::G:\.CloneHero\Songs\Rock Band\RB2 DLC","Microsoft.PowerShell.Core\FileSystem::G:\.CloneHero\Songs\Rock Band\RB2 DLC\Stone Temple Pilots - Big Empty"
"Stone Temple Pilots - Crackerman","Microsoft.PowerShell.Core\FileSystem::G:\.CloneHero\Songs\Rock Band\RB2 DLC","Microsoft.PowerShell.Core\FileSystem::G:\.CloneHero\Songs\Rock Band\RB2 DLC\Stone Temple Pilots - Crackerman"
"Stone Temple Pilots - Creep","Microsoft.PowerShell.Core\FileSystem::G:\.CloneHero\Songs\Rock Band\RB2 DLC","Microsoft.PowerShell.Core\FileSystem::G:\.CloneHero\Songs\Rock Band\RB2 DLC\Stone Temple Pilots - Creep"
"Stone Temple Pilots - Dead & Bloated","Microsoft.PowerShell.Core\FileSystem::G:\.CloneHero\Songs\Rock Band\RB2 DLC","Microsoft.PowerShell.Core\FileSystem::G:\.CloneHero\Songs\Rock Band\RB2 DLC\Stone Temple Pilots - Dead & Bloated"
"Stone Temple Pilots - Huckleberry Crumble","Microsoft.PowerShell.Core\FileSystem::G:\.CloneHero\Songs\Rock Band\RB2 DLC","Microsoft.PowerShell.Core\FileSystem::G:\.CloneHero\Songs\Rock Band\RB2 DLC\Stone Temple Pilots - Huckleberry Crumble"
"Stone Temple Pilots - Trippin' on a Hole in a Paper Heart","Microsoft.PowerShell.Core\FileSystem::G:\.CloneHero\Songs\Rock Band\RB2 DLC","Microsoft.PowerShell.Core\FileSystem::G:\.CloneHero\Songs\Rock Band\RB2 DLC\Stone Temple Pilots - Trippin' on a Hole in a Paper Heart"
"Switchfoot - Meant to Live","Microsoft.PowerShell.Core\FileSystem::G:\.CloneHero\Songs\Rock Band\RB2 DLC","Microsoft.PowerShell.Core\FileSystem::G:\.CloneHero\Songs\Rock Band\RB2 DLC\Switchfoot - Meant to Live"
"Tenacious D - Rock Your Socks","Microsoft.PowerShell.Core\FileSystem::G:\.CloneHero\Songs\Rock Band\RB2 DLC","Microsoft.PowerShell.Core\FileSystem::G:\.CloneHero\Songs\Rock Band\RB2 DLC\Tenacious D - Rock Your Socks"
"Tenacious D - The Metal","Microsoft.PowerShell.Core\FileSystem::G:\.CloneHero\Songs\Rock Band\RB2 DLC","Microsoft.PowerShell.Core\FileSystem::G:\.CloneHero\Songs\Rock Band\RB2 DLC\Tenacious D - The Metal"
"Tenacious D - Tribute","Microsoft.PowerShell.Core\FileSystem::G:\.CloneHero\Songs\Rock Band\RB2 DLC","Microsoft.PowerShell.Core\FileSystem::G:\.CloneHero\Songs\Rock Band\RB2 DLC\Tenacious D - Tribute"
"The Cranberries - Linger","Microsoft.PowerShell.Core\FileSystem::G:\.CloneHero\Songs\Rock Band\RB2 DLC","Microsoft.PowerShell.Core\FileSystem::G:\.CloneHero\Songs\Rock Band\RB2 DLC\The Cranberries - Linger"
"The Jackson 5 - ABC","Microsoft.PowerShell.Core\FileSystem::G:\.CloneHero\Songs\Rock Band\RB2 DLC","Microsoft.PowerShell.Core\FileSystem::G:\.CloneHero\Songs\Rock Band\RB2 DLC\The Jackson 5 - ABC"
"The Offspring - A Lot Like Me","Microsoft.PowerShell.Core\FileSystem::G:\.CloneHero\Songs\Rock Band\RB2 DLC","Microsoft.PowerShell.Core\FileSystem::G:\.CloneHero\Songs\Rock Band\RB2 DLC\The Offspring - A Lot Like Me"
"The Offspring - All I Want","Microsoft.PowerShell.Core\FileSystem::G:\.CloneHero\Songs\Rock Band\RB2 DLC","Microsoft.PowerShell.Core\FileSystem::G:\.CloneHero\Songs\Rock Band\RB2 DLC\The Offspring - All I Want"
"The Offspring - Gone Away","Microsoft.PowerShell.Core\FileSystem::G:\.CloneHero\Songs\Rock Band\RB2 DLC","Microsoft.PowerShell.Core\FileSystem::G:\.CloneHero\Songs\Rock Band\RB2 DLC\The Offspring - Gone Away"
"The Offspring - Pretty Fly (For a White Guy)","Microsoft.PowerShell.Core\FileSystem::G:\.CloneHero\Songs\Rock Band\RB2 DLC","Microsoft.PowerShell.Core\FileSystem::G:\.CloneHero\Songs\Rock Band\RB2 DLC\The Offspring - Pretty Fly (For a White Guy)"
"The Offspring - Self Esteem","Microsoft.PowerShell.Core\FileSystem::G:\.CloneHero\Songs\Rock Band\RB2 DLC","Microsoft.PowerShell.Core\FileSystem::G:\.CloneHero\Songs\Rock Band\RB2 DLC\The Offspring - Self Esteem"
"The Offspring - The Kids Aren't Alright","Microsoft.PowerShell.Core\FileSystem::G:\.CloneHero\Songs\Rock Band\RB2 DLC","Microsoft.PowerShell.Core\FileSystem::G:\.CloneHero\Songs\Rock Band\RB2 DLC\The Offspring - The Kids Aren't Alright"
"The Used - Blood on My Hands (2x Bass Pedal Expert+)","Microsoft.PowerShell.Core\FileSystem::G:\.CloneHero\Songs\Rock Band\RB2 DLC","Microsoft.PowerShell.Core\FileSystem::G:\.CloneHero\Songs\Rock Band\RB2 DLC\The Used - Blood on My Hands (2x Bass Pedal Expert+)"
"The White Stripes - Dead Leaves & the Dirty Ground","Microsoft.PowerShell.Core\FileSystem::G:\.CloneHero\Songs\Rock Band\RB2 DLC","Microsoft.PowerShell.Core\FileSystem::G:\.CloneHero\Songs\Rock Band\RB2 DLC\The White Stripes - Dead Leaves & the Dirty Ground"
"The White Stripes - Seven Nation Army","Microsoft.PowerShell.Core\FileSystem::G:\.CloneHero\Songs\Rock Band\RB2 DLC","Microsoft.PowerShell.Core\FileSystem::G:\.CloneHero\Songs\Rock Band\RB2 DLC\The White Stripes - Seven Nation Army"
"Toby Keith - Beer for My Horses","Microsoft.PowerShell.Core\FileSystem::G:\.CloneHero\Songs\Rock Band\RB2 DLC","Microsoft.PowerShell.Core\FileSystem::G:\.CloneHero\Songs\Rock Band\RB2 DLC\Toby Keith - Beer for My Horses"
"Toby Keith - How Do You Like Me Now","Microsoft.PowerShell.Core\FileSystem::G:\.CloneHero\Songs\Rock Band\RB2 DLC","Microsoft.PowerShell.Core\FileSystem::G:\.CloneHero\Songs\Rock Band\RB2 DLC\Toby Keith - How Do You Like Me Now"
"Toby Keith - I Love This Bar","Microsoft.PowerShell.Core\FileSystem::G:\.CloneHero\Songs\Rock Band\RB2 DLC","Microsoft.PowerShell.Core\FileSystem::G:\.CloneHero\Songs\Rock Band\RB2 DLC\Toby Keith - I Love This Bar"
"Toby Keith - She's a Hottie","Microsoft.PowerShell.Core\FileSystem::G:\.CloneHero\Songs\Rock Band\RB2 DLC","Microsoft.PowerShell.Core\FileSystem::G:\.CloneHero\Songs\Rock Band\RB2 DLC\Toby Keith - She's a Hottie"
"Toby Keith - Should've Been a Cowboy","Microsoft.PowerShell.Core\FileSystem::G:\.CloneHero\Songs\Rock Band\RB2 DLC","Microsoft.PowerShell.Core\FileSystem::G:\.CloneHero\Songs\Rock Band\RB2 DLC\Toby Keith - Should've Been a Cowboy"
"Toby Keith - Who's Your Daddy","Microsoft.PowerShell.Core\FileSystem::G:\.CloneHero\Songs\Rock Band\RB2 DLC","Microsoft.PowerShell.Core\FileSystem::G:\.CloneHero\Songs\Rock Band\RB2 DLC\Toby Keith - Who's Your Daddy"
"Tom Petty - I Won't Back Down","Microsoft.PowerShell.Core\FileSystem::G:\.CloneHero\Songs\Rock Band\RB2 DLC","Microsoft.PowerShell.Core\FileSystem::G:\.CloneHero\Songs\Rock Band\RB2 DLC\Tom Petty - I Won't Back Down"
"Tom Petty - Runnin' Down a Dream","Microsoft.PowerShell.Core\FileSystem::G:\.CloneHero\Songs\Rock Band\RB2 DLC","Microsoft.PowerShell.Core\FileSystem::G:\.CloneHero\Songs\Rock Band\RB2 DLC\Tom Petty - Runnin' Down a Dream"
"Tom Petty and the Heartbreakers - A Thing About You (Live)","Microsoft.PowerShell.Core\FileSystem::G:\.CloneHero\Songs\Rock Band\RB2 DLC","Microsoft.PowerShell.Core\FileSystem::G:\.CloneHero\Songs\Rock Band\RB2 DLC\Tom Petty and the Heartbreakers - A Thing About You (Live)"
"Tom Petty and the Heartbreakers - A Woman in Love (It's Not Me) (Live)","Microsoft.PowerShell.Core\FileSystem::G:\.CloneHero\Songs\Rock Band\RB2 DLC","Microsoft.PowerShell.Core\FileSystem::G:\.CloneHero\Songs\Rock Band\RB2 DLC\Tom Petty and the Heartbreakers - A Woman in Love (It's Not Me) (Live)"
"Tom Petty and the Heartbreakers - American Girl (Live)","Microsoft.PowerShell.Core\FileSystem::G:\.CloneHero\Songs\Rock Band\RB2 DLC","Microsoft.PowerShell.Core\FileSystem::G:\.CloneHero\Songs\Rock Band\RB2 DLC\Tom Petty and the Heartbreakers - American Girl (Live)"
"Tom Petty and the Heartbreakers - Breakdown (Live)","Microsoft.PowerShell.Core\FileSystem::G:\.CloneHero\Songs\Rock Band\RB2 DLC","Microsoft.PowerShell.Core\FileSystem::G:\.CloneHero\Songs\Rock Band\RB2 DLC\Tom Petty and the Heartbreakers - Breakdown (Live)"
"Tom Petty and the Heartbreakers - Century City (Live)","Microsoft.PowerShell.Core\FileSystem::G:\.CloneHero\Songs\Rock Band\RB2 DLC","Microsoft.PowerShell.Core\FileSystem::G:\.CloneHero\Songs\Rock Band\RB2 DLC\Tom Petty and the Heartbreakers - Century City (Live)"
"Tom Petty and the Heartbreakers - Even the Losers (Live)","Microsoft.PowerShell.Core\FileSystem::G:\.CloneHero\Songs\Rock Band\RB2 DLC","Microsoft.PowerShell.Core\FileSystem::G:\.CloneHero\Songs\Rock Band\RB2 DLC\Tom Petty and the Heartbreakers - Even the Losers (Live)"
"Tom Petty and the Heartbreakers - Here Comes My Girl (Live)","Microsoft.PowerShell.Core\FileSystem::G:\.CloneHero\Songs\Rock Band\RB2 DLC","Microsoft.PowerShell.Core\FileSystem::G:\.CloneHero\Songs\Rock Band\RB2 DLC\Tom Petty and the Heartbreakers - Here Comes My Girl (Live)"
"Tom Petty and the Heartbreakers - Jammin' Me (Live)","Microsoft.PowerShell.Core\FileSystem::G:\.CloneHero\Songs\Rock Band\RB2 DLC","Microsoft.PowerShell.Core\FileSystem::G:\.CloneHero\Songs\Rock Band\RB2 DLC\Tom Petty and the Heartbreakers - Jammin' Me (Live)"
"Tom Petty and the Heartbreakers - Mary Janes Last Dance (Live)","Microsoft.PowerShell.Core\FileSystem::G:\.CloneHero\Songs\Rock Band\RB2 DLC","Microsoft.PowerShell.Core\FileSystem::G:\.CloneHero\Songs\Rock Band\RB2 DLC\Tom Petty and the Heartbreakers - Mary Janes Last Dance (Live)"
"Tom Petty and the Heartbreakers - Nightwatchman (Live)","Microsoft.PowerShell.Core\FileSystem::G:\.CloneHero\Songs\Rock Band\RB2 DLC","Microsoft.PowerShell.Core\FileSystem::G:\.CloneHero\Songs\Rock Band\RB2 DLC\Tom Petty and the Heartbreakers - Nightwatchman (Live)"
"Tom Petty and the Heartbreakers - Refugee (Live)","Microsoft.PowerShell.Core\FileSystem::G:\.CloneHero\Songs\Rock Band\RB2 DLC","Microsoft.PowerShell.Core\FileSystem::G:\.CloneHero\Songs\Rock Band\RB2 DLC\Tom Petty and the Heartbreakers - Refugee (Live)"
"Tom Petty and the Heartbreakers - The Waiting (Live)","Microsoft.PowerShell.Core\FileSystem::G:\.CloneHero\Songs\Rock Band\RB2 DLC","Microsoft.PowerShell.Core\FileSystem::G:\.CloneHero\Songs\Rock Band\RB2 DLC\Tom Petty and the Heartbreakers - The Waiting (Live)"
"Trace Adkins - Swing","Microsoft.PowerShell.Core\FileSystem::G:\.CloneHero\Songs\Rock Band\RB2 DLC","Microsoft.PowerShell.Core\FileSystem::G:\.CloneHero\Songs\Rock Band\RB2 DLC\Trace Adkins - Swing"
"Trust Company - Downfall","Microsoft.PowerShell.Core\FileSystem::G:\.CloneHero\Songs\Rock Band\RB2 DLC","Microsoft.PowerShell.Core\FileSystem::G:\.CloneHero\Songs\Rock Band\RB2 DLC\Trust Company - Downfall"
"Weezer - Undone - The Sweater Song","Microsoft.PowerShell.Core\FileSystem::G:\.CloneHero\Songs\Rock Band\RB2 DLC","Microsoft.PowerShell.Core\FileSystem::G:\.CloneHero\Songs\Rock Band\RB2 DLC\Weezer - Undone - The Sweater Song"
"White Zombie - Black Sunshine","Microsoft.PowerShell.Core\FileSystem::G:\.CloneHero\Songs\Rock Band\RB2 DLC","Microsoft.PowerShell.Core\FileSystem::G:\.CloneHero\Songs\Rock Band\RB2 DLC\White Zombie - Black Sunshine"
"White Zombie - More Human than Human","Microsoft.PowerShell.Core\FileSystem::G:\.CloneHero\Songs\Rock Band\RB2 DLC","Microsoft.PowerShell.Core\FileSystem::G:\.CloneHero\Songs\Rock Band\RB2 DLC\White Zombie - More Human than Human"
"Whitechapel - This Is Exile (2x Bass Pedal Expert+)","Microsoft.PowerShell.Core\FileSystem::G:\.CloneHero\Songs\Rock Band\RB2 DLC","Microsoft.PowerShell.Core\FileSystem::G:\.CloneHero\Songs\Rock Band\RB2 DLC\Whitechapel - This Is Exile (2x Bass Pedal Expert+)"
"Yellowcard - Ocean Avenue","Microsoft.PowerShell.Core\FileSystem::G:\.CloneHero\Songs\Rock Band\RB2 DLC","Microsoft.PowerShell.Core\FileSystem::G:\.CloneHero\Songs\Rock Band\RB2 DLC\Yellowcard - Ocean Avenue"
